customer_id,product_id,quantity,price,timestamp
425,146,3,485,2026-05-01 00:00:00
397,115,4,210,2026-05-01 00:01:00
26,169,1,449,2026-05-01 00:02:00
259,129,2,84,2026-05-01 00:03:00
434,137,5,197,2026-05-01 00:04:00
81,136,2,153,2026-05-01 00:05:00
38,172,3,301,2026-05-01 00:06:00
341,137,1,343,2026-05-01 00:07:00
413,145,5,84,2026-05-01 00:08:00
309,183,2,136,2026-05-01 00:09:00
404,149,2,182,2026-05-01 00:10:00
20,143,2,234,2026-05-01 00:11:00
272,172,2,413,2026-05-01 00:12:00
229,101,1,356,2026-05-01 00:13:00
393,142,5,461,2026-05-01 00:14:00
399,144,2,274,2026-05-01 00:15:00
330,149,1,139,2026-05-01 00:16:00
381,191,2,447,2026-05-01 00:17:00
401,184,3,415,2026-05-01 00:18:00
338,123,2,383,2026-05-01 00:19:00
185,158,5,486,2026-05-01 00:20:00
133,196,4,388,2026-05-01 00:21:00
305,132,3,485,2026-05-01 00:22:00
248,195,4,385,2026-05-01 00:23:00
301,165,2,455,2026-05-01 00:24:00
39,134,2,382,2026-05-01 00:25:00
249,127,2,98,2026-05-01 00:26:00
247,183,3,467,2026-05-01 00:27:00
467,163,2,347,2026-05-01 00:28:00
207,130,2,159,2026-05-01 00:29:00
451,176,2,138,2026-05-01 00:30:00
273,155,5,267,2026-05-01 00:31:00
398,152,4,244,2026-05-01 00:32:00
293,194,5,157,2026-05-01 00:33:00
451,105,3,95,2026-05-01 00:34:00
68,175,5,69,2026-05-01 00:35:00
83,156,5,437,2026-05-01 00:36:00
431,106,1,295,2026-05-01 00:37:00
385,172,2,458,2026-05-01 00:38:00
253,115,3,430,2026-05-01 00:39:00
60,100,3,316,2026-05-01 00:40:00
95,174,4,383,2026-05-01 00:41:00
138,198,2,361,2026-05-01 00:42:00
211,181,2,238,2026-05-01 00:43:00
206,139,2,487,2026-05-01 00:44:00
95,193,3,455,2026-05-01 00:45:00
244,179,5,453,2026-05-01 00:46:00
384,127,4,268,2026-05-01 00:47:00
489,124,4,374,2026-05-01 00:48:00
82,120,3,201,2026-05-01 00:49:00
17,108,5,303,2026-05-01 00:50:00
314,115,2,367,2026-05-01 00:51:00
79,100,5,55,2026-05-01 00:52:00
380,185,1,104,2026-05-01 00:53:00
107,162,2,95,2026-05-01 00:54:00
296,190,2,478,2026-05-01 00:55:00
439,153,2,448,2026-05-01 00:56:00
182,192,5,213,2026-05-01 00:57:00
28,112,1,146,2026-05-01 00:58:00
205,146,5,121,2026-05-01 00:59:00
84,111,3,457,2026-05-01 01:00:00
414,142,3,311,2026-05-01 01:01:00
212,107,2,176,2026-05-01 01:02:00
386,107,4,151,2026-05-01 01:03:00
361,193,4,254,2026-05-01 01:04:00
92,170,1,279,2026-05-01 01:05:00
404,162,4,302,2026-05-01 01:06:00
415,190,4,137,2026-05-01 01:07:00
286,105,4,133,2026-05-01 01:08:00
347,160,1,389,2026-05-01 01:09:00
466,183,4,300,2026-05-01 01:10:00
178,148,1,85,2026-05-01 01:11:00
185,183,5,59,2026-05-01 01:12:00
436,127,2,268,2026-05-01 01:13:00
48,113,2,82,2026-05-01 01:14:00
432,190,5,94,2026-05-01 01:15:00
12,113,5,96,2026-05-01 01:16:00
45,161,1,193,2026-05-01 01:17:00
143,134,2,106,2026-05-01 01:18:00
120,108,1,329,2026-05-01 01:19:00
342,107,3,261,2026-05-01 01:20:00
197,178,5,458,2026-05-01 01:21:00
423,149,5,263,2026-05-01 01:22:00
493,190,3,134,2026-05-01 01:23:00
296,175,4,128,2026-05-01 01:24:00
154,141,5,298,2026-05-01 01:25:00
194,148,3,318,2026-05-01 01:26:00
130,143,2,175,2026-05-01 01:27:00
280,177,3,61,2026-05-01 01:28:00
231,186,3,131,2026-05-01 01:29:00
24,198,5,83,2026-05-01 01:30:00
266,109,4,109,2026-05-01 01:31:00
292,170,5,281,2026-05-01 01:32:00
458,159,4,493,2026-05-01 01:33:00
72,112,2,67,2026-05-01 01:34:00
118,155,5,183,2026-05-01 01:35:00
47,194,2,124,2026-05-01 01:36:00
331,124,4,352,2026-05-01 01:37:00
246,114,2,490,2026-05-01 01:38:00
147,166,1,235,2026-05-01 01:39:00
450,172,5,382,2026-05-01 01:40:00
294,162,4,126,2026-05-01 01:41:00
375,120,2,63,2026-05-01 01:42:00
145,153,5,54,2026-05-01 01:43:00
46,153,1,67,2026-05-01 01:44:00
380,147,3,107,2026-05-01 01:45:00
142,108,3,183,2026-05-01 01:46:00
289,195,4,253,2026-05-01 01:47:00
467,109,4,193,2026-05-01 01:48:00
250,155,4,260,2026-05-01 01:49:00
12,169,4,316,2026-05-01 01:50:00
469,195,4,172,2026-05-01 01:51:00
291,118,4,362,2026-05-01 01:52:00
287,101,1,313,2026-05-01 01:53:00
254,133,3,88,2026-05-01 01:54:00
368,135,5,213,2026-05-01 01:55:00
57,153,4,234,2026-05-01 01:56:00
56,124,2,166,2026-05-01 01:57:00
239,180,5,495,2026-05-01 01:58:00
284,144,3,147,2026-05-01 01:59:00
398,143,2,341,2026-05-01 02:00:00
89,170,3,419,2026-05-01 02:01:00
464,174,4,496,2026-05-01 02:02:00
30,135,5,306,2026-05-01 02:03:00
351,141,1,412,2026-05-01 02:04:00
267,177,3,134,2026-05-01 02:05:00
38,197,2,456,2026-05-01 02:06:00
280,161,3,408,2026-05-01 02:07:00
421,103,2,378,2026-05-01 02:08:00
108,142,4,371,2026-05-01 02:09:00
344,166,4,450,2026-05-01 02:10:00
289,185,3,497,2026-05-01 02:11:00
252,175,5,224,2026-05-01 02:12:00
106,111,2,382,2026-05-01 02:13:00
399,131,1,426,2026-05-01 02:14:00
315,118,3,454,2026-05-01 02:15:00
275,185,4,64,2026-05-01 02:16:00
60,130,3,175,2026-05-01 02:17:00
55,163,1,242,2026-05-01 02:18:00
175,104,3,170,2026-05-01 02:19:00
370,143,5,265,2026-05-01 02:20:00
138,195,2,86,2026-05-01 02:21:00
494,176,5,311,2026-05-01 02:22:00
85,128,3,77,2026-05-01 02:23:00
151,179,1,378,2026-05-01 02:24:00
492,125,3,456,2026-05-01 02:25:00
427,185,1,335,2026-05-01 02:26:00
119,146,3,68,2026-05-01 02:27:00
262,148,3,160,2026-05-01 02:28:00
409,129,2,411,2026-05-01 02:29:00
420,195,5,361,2026-05-01 02:30:00
131,104,4,215,2026-05-01 02:31:00
334,112,4,207,2026-05-01 02:32:00
30,120,2,476,2026-05-01 02:33:00
384,181,3,58,2026-05-01 02:34:00
280,149,1,107,2026-05-01 02:35:00
82,101,2,471,2026-05-01 02:36:00
16,169,2,182,2026-05-01 02:37:00
338,190,5,202,2026-05-01 02:38:00
352,169,5,333,2026-05-01 02:39:00
489,113,4,78,2026-05-01 02:40:00
236,156,1,488,2026-05-01 02:41:00
254,134,2,71,2026-05-01 02:42:00
365,147,4,244,2026-05-01 02:43:00
463,144,4,367,2026-05-01 02:44:00
59,190,5,213,2026-05-01 02:45:00
186,193,4,213,2026-05-01 02:46:00
483,157,1,323,2026-05-01 02:47:00
445,121,5,356,2026-05-01 02:48:00
477,184,2,50,2026-05-01 02:49:00
235,109,1,343,2026-05-01 02:50:00
186,189,1,495,2026-05-01 02:51:00
459,123,1,242,2026-05-01 02:52:00
196,117,3,371,2026-05-01 02:53:00
3,101,2,138,2026-05-01 02:54:00
149,134,5,57,2026-05-01 02:55:00
367,185,5,416,2026-05-01 02:56:00
90,177,3,248,2026-05-01 02:57:00
203,162,4,499,2026-05-01 02:58:00
238,138,1,337,2026-05-01 02:59:00
189,143,3,311,2026-05-01 03:00:00
41,185,5,459,2026-05-01 03:01:00
58,159,4,256,2026-05-01 03:02:00
489,139,5,72,2026-05-01 03:03:00
475,138,2,319,2026-05-01 03:04:00
330,151,5,110,2026-05-01 03:05:00
22,148,2,425,2026-05-01 03:06:00
306,146,1,309,2026-05-01 03:07:00
490,149,4,185,2026-05-01 03:08:00
147,119,1,79,2026-05-01 03:09:00
496,109,5,425,2026-05-01 03:10:00
445,191,3,113,2026-05-01 03:11:00
159,127,1,409,2026-05-01 03:12:00
305,163,5,378,2026-05-01 03:13:00
462,109,5,341,2026-05-01 03:14:00
383,188,3,326,2026-05-01 03:15:00
461,168,3,123,2026-05-01 03:16:00
468,165,2,373,2026-05-01 03:17:00
314,101,1,272,2026-05-01 03:18:00
100,195,1,157,2026-05-01 03:19:00
195,152,4,114,2026-05-01 03:20:00
377,187,1,211,2026-05-01 03:21:00
277,159,1,273,2026-05-01 03:22:00
185,137,1,75,2026-05-01 03:23:00
233,116,3,140,2026-05-01 03:24:00
252,177,2,422,2026-05-01 03:25:00
365,151,4,441,2026-05-01 03:26:00
397,118,3,382,2026-05-01 03:27:00
496,189,1,112,2026-05-01 03:28:00
104,117,3,375,2026-05-01 03:29:00
132,118,1,187,2026-05-01 03:30:00
25,172,5,317,2026-05-01 03:31:00
397,109,1,167,2026-05-01 03:32:00
96,108,1,376,2026-05-01 03:33:00
313,109,3,369,2026-05-01 03:34:00
215,143,1,234,2026-05-01 03:35:00
268,149,3,249,2026-05-01 03:36:00
75,178,2,338,2026-05-01 03:37:00
54,171,3,312,2026-05-01 03:38:00
294,138,3,424,2026-05-01 03:39:00
17,157,5,184,2026-05-01 03:40:00
359,116,3,358,2026-05-01 03:41:00
317,114,5,425,2026-05-01 03:42:00
83,161,1,270,2026-05-01 03:43:00
409,176,2,210,2026-05-01 03:44:00
246,109,5,162,2026-05-01 03:45:00
399,178,4,487,2026-05-01 03:46:00
28,100,3,118,2026-05-01 03:47:00
113,164,3,130,2026-05-01 03:48:00
357,115,2,290,2026-05-01 03:49:00
362,109,1,145,2026-05-01 03:50:00
193,103,5,335,2026-05-01 03:51:00
375,189,5,132,2026-05-01 03:52:00
359,139,1,197,2026-05-01 03:53:00
15,140,4,220,2026-05-01 03:54:00
280,160,3,137,2026-05-01 03:55:00
91,176,5,284,2026-05-01 03:56:00
105,152,2,338,2026-05-01 03:57:00
220,194,5,427,2026-05-01 03:58:00
199,179,5,327,2026-05-01 03:59:00
283,166,3,393,2026-05-01 04:00:00
267,171,3,287,2026-05-01 04:01:00
190,100,5,81,2026-05-01 04:02:00
117,177,5,175,2026-05-01 04:03:00
325,118,4,171,2026-05-01 04:04:00
472,195,5,77,2026-05-01 04:05:00
284,144,5,346,2026-05-01 04:06:00
170,194,4,209,2026-05-01 04:07:00
363,165,4,431,2026-05-01 04:08:00
365,107,5,95,2026-05-01 04:09:00
382,114,2,448,2026-05-01 04:10:00
238,176,1,77,2026-05-01 04:11:00
392,121,4,244,2026-05-01 04:12:00
302,126,2,496,2026-05-01 04:13:00
228,148,1,274,2026-05-01 04:14:00
107,110,3,477,2026-05-01 04:15:00
306,184,3,136,2026-05-01 04:16:00
371,120,4,86,2026-05-01 04:17:00
45,145,5,133,2026-05-01 04:18:00
345,190,5,153,2026-05-01 04:19:00
62,173,3,362,2026-05-01 04:20:00
41,191,2,140,2026-05-01 04:21:00
417,126,4,99,2026-05-01 04:22:00
292,154,4,498,2026-05-01 04:23:00
429,110,2,230,2026-05-01 04:24:00
254,160,5,149,2026-05-01 04:25:00
390,121,4,175,2026-05-01 04:26:00
136,116,3,324,2026-05-01 04:27:00
267,169,3,367,2026-05-01 04:28:00
39,133,2,89,2026-05-01 04:29:00
285,111,4,230,2026-05-01 04:30:00
202,104,3,234,2026-05-01 04:31:00
454,130,5,103,2026-05-01 04:32:00
385,121,1,236,2026-05-01 04:33:00
4,171,5,96,2026-05-01 04:34:00
94,187,4,468,2026-05-01 04:35:00
39,191,4,372,2026-05-01 04:36:00
66,152,5,113,2026-05-01 04:37:00
91,163,4,93,2026-05-01 04:38:00
134,169,3,236,2026-05-01 04:39:00
108,117,3,234,2026-05-01 04:40:00
439,170,2,228,2026-05-01 04:41:00
36,167,1,115,2026-05-01 04:42:00
122,152,4,196,2026-05-01 04:43:00
32,123,1,452,2026-05-01 04:44:00
132,117,5,299,2026-05-01 04:45:00
278,118,5,271,2026-05-01 04:46:00
38,124,2,199,2026-05-01 04:47:00
148,115,4,424,2026-05-01 04:48:00
236,196,3,406,2026-05-01 04:49:00
389,198,3,297,2026-05-01 04:50:00
242,155,3,364,2026-05-01 04:51:00
411,187,3,462,2026-05-01 04:52:00
54,192,5,127,2026-05-01 04:53:00
321,170,4,55,2026-05-01 04:54:00
213,100,4,340,2026-05-01 04:55:00
468,127,1,198,2026-05-01 04:56:00
122,183,1,124,2026-05-01 04:57:00
449,182,1,374,2026-05-01 04:58:00
112,106,2,177,2026-05-01 04:59:00
378,109,5,172,2026-05-01 05:00:00
118,154,4,276,2026-05-01 05:01:00
328,130,4,376,2026-05-01 05:02:00
79,135,1,394,2026-05-01 05:03:00
28,145,2,217,2026-05-01 05:04:00
169,145,2,448,2026-05-01 05:05:00
233,158,1,84,2026-05-01 05:06:00
295,121,3,166,2026-05-01 05:07:00
292,121,1,138,2026-05-01 05:08:00
415,182,5,185,2026-05-01 05:09:00
408,153,5,156,2026-05-01 05:10:00
214,184,2,159,2026-05-01 05:11:00
449,194,4,250,2026-05-01 05:12:00
184,188,5,200,2026-05-01 05:13:00
345,187,4,290,2026-05-01 05:14:00
167,187,3,499,2026-05-01 05:15:00
272,182,3,488,2026-05-01 05:16:00
314,151,2,161,2026-05-01 05:17:00
173,181,4,272,2026-05-01 05:18:00
340,111,3,410,2026-05-01 05:19:00
79,133,1,297,2026-05-01 05:20:00
474,193,4,381,2026-05-01 05:21:00
355,149,1,454,2026-05-01 05:22:00
36,191,1,133,2026-05-01 05:23:00
12,169,3,152,2026-05-01 05:24:00
362,120,1,394,2026-05-01 05:25:00
143,123,1,244,2026-05-01 05:26:00
130,171,2,213,2026-05-01 05:27:00
227,114,3,103,2026-05-01 05:28:00
337,180,5,165,2026-05-01 05:29:00
493,113,2,453,2026-05-01 05:30:00
422,143,4,240,2026-05-01 05:31:00
304,145,5,66,2026-05-01 05:32:00
70,126,2,455,2026-05-01 05:33:00
480,175,3,411,2026-05-01 05:34:00
206,192,1,256,2026-05-01 05:35:00
53,167,4,152,2026-05-01 05:36:00
385,143,5,307,2026-05-01 05:37:00
418,100,1,253,2026-05-01 05:38:00
298,122,5,277,2026-05-01 05:39:00
285,172,3,171,2026-05-01 05:40:00
279,122,3,309,2026-05-01 05:41:00
179,189,2,346,2026-05-01 05:42:00
41,167,3,422,2026-05-01 05:43:00
286,137,5,162,2026-05-01 05:44:00
74,193,1,212,2026-05-01 05:45:00
472,138,3,348,2026-05-01 05:46:00
458,117,5,340,2026-05-01 05:47:00
217,107,4,394,2026-05-01 05:48:00
415,159,2,237,2026-05-01 05:49:00
192,144,1,355,2026-05-01 05:50:00
413,161,1,300,2026-05-01 05:51:00
100,177,3,172,2026-05-01 05:52:00
127,100,2,73,2026-05-01 05:53:00
59,161,2,156,2026-05-01 05:54:00
209,135,4,242,2026-05-01 05:55:00
248,141,5,236,2026-05-01 05:56:00
95,187,5,492,2026-05-01 05:57:00
378,116,2,149,2026-05-01 05:58:00
419,187,1,92,2026-05-01 05:59:00
356,191,5,354,2026-05-01 06:00:00
473,119,3,181,2026-05-01 06:01:00
367,118,5,465,2026-05-01 06:02:00
233,107,3,243,2026-05-01 06:03:00
302,100,1,336,2026-05-01 06:04:00
293,123,3,201,2026-05-01 06:05:00
180,141,5,337,2026-05-01 06:06:00
402,163,2,92,2026-05-01 06:07:00
329,104,1,246,2026-05-01 06:08:00
267,179,5,260,2026-05-01 06:09:00
304,137,4,133,2026-05-01 06:10:00
286,122,2,201,2026-05-01 06:11:00
385,117,1,50,2026-05-01 06:12:00
499,138,3,477,2026-05-01 06:13:00
201,179,5,428,2026-05-01 06:14:00
272,105,3,379,2026-05-01 06:15:00
165,155,5,179,2026-05-01 06:16:00
246,169,3,302,2026-05-01 06:17:00
209,127,2,96,2026-05-01 06:18:00
75,154,2,179,2026-05-01 06:19:00
44,153,1,170,2026-05-01 06:20:00
355,139,2,146,2026-05-01 06:21:00
320,154,1,85,2026-05-01 06:22:00
23,170,3,432,2026-05-01 06:23:00
255,162,4,167,2026-05-01 06:24:00
231,124,3,166,2026-05-01 06:25:00
126,129,4,391,2026-05-01 06:26:00
457,153,5,331,2026-05-01 06:27:00
421,171,1,50,2026-05-01 06:28:00
271,140,1,399,2026-05-01 06:29:00
144,125,3,73,2026-05-01 06:30:00
181,193,3,368,2026-05-01 06:31:00
370,106,2,453,2026-05-01 06:32:00
389,150,5,191,2026-05-01 06:33:00
167,109,4,53,2026-05-01 06:34:00
51,187,4,145,2026-05-01 06:35:00
400,153,4,219,2026-05-01 06:36:00
483,162,5,274,2026-05-01 06:37:00
481,174,5,412,2026-05-01 06:38:00
348,155,4,396,2026-05-01 06:39:00
190,101,4,115,2026-05-01 06:40:00
494,120,4,413,2026-05-01 06:41:00
76,156,1,399,2026-05-01 06:42:00
154,107,4,280,2026-05-01 06:43:00
26,124,5,378,2026-05-01 06:44:00
198,185,4,415,2026-05-01 06:45:00
418,137,5,118,2026-05-01 06:46:00
187,101,3,406,2026-05-01 06:47:00
386,198,5,396,2026-05-01 06:48:00
497,173,2,157,2026-05-01 06:49:00
106,101,1,339,2026-05-01 06:50:00
336,183,2,311,2026-05-01 06:51:00
384,199,1,137,2026-05-01 06:52:00
98,176,2,218,2026-05-01 06:53:00
15,187,4,405,2026-05-01 06:54:00
311,173,5,449,2026-05-01 06:55:00
413,129,4,171,2026-05-01 06:56:00
70,178,3,363,2026-05-01 06:57:00
101,166,4,233,2026-05-01 06:58:00
355,170,4,243,2026-05-01 06:59:00
20,131,1,299,2026-05-01 07:00:00
442,155,4,62,2026-05-01 07:01:00
125,189,2,491,2026-05-01 07:02:00
74,122,1,466,2026-05-01 07:03:00
397,133,2,333,2026-05-01 07:04:00
318,146,5,364,2026-05-01 07:05:00
259,174,5,285,2026-05-01 07:06:00
311,168,4,208,2026-05-01 07:07:00
129,193,5,159,2026-05-01 07:08:00
34,106,5,86,2026-05-01 07:09:00
159,109,3,259,2026-05-01 07:10:00
152,187,5,251,2026-05-01 07:11:00
330,164,3,422,2026-05-01 07:12:00
116,186,2,250,2026-05-01 07:13:00
88,108,2,153,2026-05-01 07:14:00
404,138,5,320,2026-05-01 07:15:00
473,184,1,418,2026-05-01 07:16:00
17,182,4,369,2026-05-01 07:17:00
32,106,4,414,2026-05-01 07:18:00
330,137,5,494,2026-05-01 07:19:00
14,181,1,336,2026-05-01 07:20:00
96,114,4,119,2026-05-01 07:21:00
170,187,3,262,2026-05-01 07:22:00
296,115,1,283,2026-05-01 07:23:00
261,164,2,408,2026-05-01 07:24:00
188,191,1,472,2026-05-01 07:25:00
250,163,4,94,2026-05-01 07:26:00
285,188,4,339,2026-05-01 07:27:00
214,191,1,343,2026-05-01 07:28:00
337,107,5,227,2026-05-01 07:29:00
24,190,1,307,2026-05-01 07:30:00
382,102,1,424,2026-05-01 07:31:00
40,101,3,425,2026-05-01 07:32:00
350,100,3,192,2026-05-01 07:33:00
470,159,2,67,2026-05-01 07:34:00
233,101,2,495,2026-05-01 07:35:00
479,186,4,121,2026-05-01 07:36:00
464,157,2,159,2026-05-01 07:37:00
247,110,3,270,2026-05-01 07:38:00
475,167,1,74,2026-05-01 07:39:00
5,137,1,71,2026-05-01 07:40:00
79,143,2,441,2026-05-01 07:41:00
49,112,1,175,2026-05-01 07:42:00
284,182,5,382,2026-05-01 07:43:00
109,187,3,133,2026-05-01 07:44:00
7,136,4,77,2026-05-01 07:45:00
364,136,2,147,2026-05-01 07:46:00
390,126,3,335,2026-05-01 07:47:00
246,154,3,286,2026-05-01 07:48:00
9,148,3,406,2026-05-01 07:49:00
421,170,3,253,2026-05-01 07:50:00
345,186,3,210,2026-05-01 07:51:00
111,132,3,172,2026-05-01 07:52:00
486,112,3,476,2026-05-01 07:53:00
289,185,3,153,2026-05-01 07:54:00
190,156,5,96,2026-05-01 07:55:00
205,100,2,439,2026-05-01 07:56:00
198,152,4,426,2026-05-01 07:57:00
226,132,3,252,2026-05-01 07:58:00
28,183,2,148,2026-05-01 07:59:00
488,180,4,215,2026-05-01 08:00:00
253,183,1,487,2026-05-01 08:01:00
66,144,2,287,2026-05-01 08:02:00
393,128,1,457,2026-05-01 08:03:00
484,180,3,478,2026-05-01 08:04:00
201,172,4,56,2026-05-01 08:05:00
256,157,4,86,2026-05-01 08:06:00
310,105,2,143,2026-05-01 08:07:00
289,128,5,287,2026-05-01 08:08:00
498,167,3,134,2026-05-01 08:09:00
306,166,3,204,2026-05-01 08:10:00
151,153,1,313,2026-05-01 08:11:00
138,191,5,241,2026-05-01 08:12:00
172,127,4,268,2026-05-01 08:13:00
42,104,4,323,2026-05-01 08:14:00
100,171,2,260,2026-05-01 08:15:00
201,165,5,158,2026-05-01 08:16:00
222,163,3,478,2026-05-01 08:17:00
63,156,4,137,2026-05-01 08:18:00
389,186,2,319,2026-05-01 08:19:00
199,163,4,341,2026-05-01 08:20:00
181,162,2,341,2026-05-01 08:21:00
64,192,5,161,2026-05-01 08:22:00
243,113,5,215,2026-05-01 08:23:00
211,108,5,273,2026-05-01 08:24:00
120,144,2,150,2026-05-01 08:25:00
233,103,1,360,2026-05-01 08:26:00
370,107,4,395,2026-05-01 08:27:00
314,178,1,332,2026-05-01 08:28:00
157,166,1,490,2026-05-01 08:29:00
305,166,1,100,2026-05-01 08:30:00
381,191,1,140,2026-05-01 08:31:00
437,184,3,201,2026-05-01 08:32:00
416,184,5,170,2026-05-01 08:33:00
489,122,5,188,2026-05-01 08:34:00
160,131,4,197,2026-05-01 08:35:00
195,180,3,65,2026-05-01 08:36:00
51,172,4,273,2026-05-01 08:37:00
270,166,5,362,2026-05-01 08:38:00
218,193,1,223,2026-05-01 08:39:00
268,141,2,414,2026-05-01 08:40:00
349,178,2,71,2026-05-01 08:41:00
238,122,4,255,2026-05-01 08:42:00
344,155,3,199,2026-05-01 08:43:00
460,126,5,154,2026-05-01 08:44:00
62,102,4,326,2026-05-01 08:45:00
490,191,5,475,2026-05-01 08:46:00
294,103,2,283,2026-05-01 08:47:00
201,118,4,438,2026-05-01 08:48:00
209,104,3,55,2026-05-01 08:49:00
498,100,2,392,2026-05-01 08:50:00
18,154,1,311,2026-05-01 08:51:00
235,190,4,304,2026-05-01 08:52:00
329,198,3,113,2026-05-01 08:53:00
310,195,1,422,2026-05-01 08:54:00
64,119,1,230,2026-05-01 08:55:00
140,122,4,274,2026-05-01 08:56:00
388,127,2,145,2026-05-01 08:57:00
470,100,3,168,2026-05-01 08:58:00
76,155,1,94,2026-05-01 08:59:00
82,123,1,112,2026-05-01 09:00:00
192,173,3,369,2026-05-01 09:01:00
449,175,3,425,2026-05-01 09:02:00
134,179,5,77,2026-05-01 09:03:00
288,176,2,496,2026-05-01 09:04:00
198,128,4,498,2026-05-01 09:05:00
189,194,1,492,2026-05-01 09:06:00
31,151,4,360,2026-05-01 09:07:00
97,101,2,218,2026-05-01 09:08:00
182,110,2,300,2026-05-01 09:09:00
345,176,2,90,2026-05-01 09:10:00
54,175,4,91,2026-05-01 09:11:00
83,187,4,201,2026-05-01 09:12:00
407,108,2,160,2026-05-01 09:13:00
8,181,2,458,2026-05-01 09:14:00
8,119,5,161,2026-05-01 09:15:00
276,161,5,138,2026-05-01 09:16:00
332,176,1,383,2026-05-01 09:17:00
493,122,1,152,2026-05-01 09:18:00
62,131,4,156,2026-05-01 09:19:00
37,187,3,210,2026-05-01 09:20:00
306,123,3,321,2026-05-01 09:21:00
186,182,1,226,2026-05-01 09:22:00
152,120,3,252,2026-05-01 09:23:00
313,170,2,290,2026-05-01 09:24:00
78,123,1,395,2026-05-01 09:25:00
167,152,5,403,2026-05-01 09:26:00
348,179,4,224,2026-05-01 09:27:00
482,169,5,422,2026-05-01 09:28:00
190,130,2,441,2026-05-01 09:29:00
434,104,5,71,2026-05-01 09:30:00
229,176,5,127,2026-05-01 09:31:00
126,118,3,271,2026-05-01 09:32:00
353,186,5,480,2026-05-01 09:33:00
299,119,4,331,2026-05-01 09:34:00
399,184,1,439,2026-05-01 09:35:00
96,139,2,201,2026-05-01 09:36:00
346,124,5,93,2026-05-01 09:37:00
435,123,5,139,2026-05-01 09:38:00
246,104,5,483,2026-05-01 09:39:00
411,141,4,434,2026-05-01 09:40:00
194,168,2,327,2026-05-01 09:41:00
180,170,3,118,2026-05-01 09:42:00
383,132,1,343,2026-05-01 09:43:00
462,112,4,119,2026-05-01 09:44:00
358,160,3,407,2026-05-01 09:45:00
403,109,2,329,2026-05-01 09:46:00
357,113,2,453,2026-05-01 09:47:00
411,178,1,67,2026-05-01 09:48:00
308,157,3,295,2026-05-01 09:49:00
389,175,4,77,2026-05-01 09:50:00
129,189,3,177,2026-05-01 09:51:00
191,134,1,213,2026-05-01 09:52:00
141,127,2,457,2026-05-01 09:53:00
480,129,3,95,2026-05-01 09:54:00
224,162,3,316,2026-05-01 09:55:00
253,109,1,325,2026-05-01 09:56:00
92,118,4,248,2026-05-01 09:57:00
216,175,4,76,2026-05-01 09:58:00
327,177,1,484,2026-05-01 09:59:00
114,155,5,414,2026-05-01 10:00:00
243,179,3,129,2026-05-01 10:01:00
160,190,2,295,2026-05-01 10:02:00
251,181,1,245,2026-05-01 10:03:00
108,167,1,259,2026-05-01 10:04:00
452,142,5,71,2026-05-01 10:05:00
414,171,2,260,2026-05-01 10:06:00
467,186,3,171,2026-05-01 10:07:00
492,138,2,148,2026-05-01 10:08:00
87,121,2,353,2026-05-01 10:09:00
54,138,5,258,2026-05-01 10:10:00
324,122,4,467,2026-05-01 10:11:00
371,106,1,307,2026-05-01 10:12:00
196,141,4,119,2026-05-01 10:13:00
120,190,3,124,2026-05-01 10:14:00
231,163,1,349,2026-05-01 10:15:00
178,183,5,230,2026-05-01 10:16:00
30,162,1,108,2026-05-01 10:17:00
474,102,1,350,2026-05-01 10:18:00
281,154,1,298,2026-05-01 10:19:00
192,104,3,374,2026-05-01 10:20:00
264,102,3,326,2026-05-01 10:21:00
282,189,2,71,2026-05-01 10:22:00
162,102,5,309,2026-05-01 10:23:00
364,164,2,312,2026-05-01 10:24:00
180,138,2,272,2026-05-01 10:25:00
460,163,2,340,2026-05-01 10:26:00
199,148,3,260,2026-05-01 10:27:00
404,111,5,234,2026-05-01 10:28:00
83,170,3,277,2026-05-01 10:29:00
425,181,2,64,2026-05-01 10:30:00
461,177,4,267,2026-05-01 10:31:00
88,101,2,475,2026-05-01 10:32:00
68,191,1,241,2026-05-01 10:33:00
332,130,1,60,2026-05-01 10:34:00
421,186,5,497,2026-05-01 10:35:00
387,184,5,117,2026-05-01 10:36:00
203,160,5,206,2026-05-01 10:37:00
326,187,1,86,2026-05-01 10:38:00
472,136,3,466,2026-05-01 10:39:00
312,105,5,489,2026-05-01 10:40:00
266,150,1,133,2026-05-01 10:41:00
163,143,5,257,2026-05-01 10:42:00
43,186,1,96,2026-05-01 10:43:00
472,187,3,390,2026-05-01 10:44:00
33,167,2,379,2026-05-01 10:45:00
55,130,4,327,2026-05-01 10:46:00
46,181,1,336,2026-05-01 10:47:00
282,156,5,411,2026-05-01 10:48:00
71,137,1,215,2026-05-01 10:49:00
71,194,2,172,2026-05-01 10:50:00
399,161,3,375,2026-05-01 10:51:00
400,159,4,209,2026-05-01 10:52:00
204,120,1,426,2026-05-01 10:53:00
448,109,4,395,2026-05-01 10:54:00
78,159,2,484,2026-05-01 10:55:00
137,192,1,273,2026-05-01 10:56:00
9,167,4,83,2026-05-01 10:57:00
154,134,2,356,2026-05-01 10:58:00
48,108,5,471,2026-05-01 10:59:00
460,169,1,167,2026-05-01 11:00:00
417,104,3,207,2026-05-01 11:01:00
90,156,4,349,2026-05-01 11:02:00
192,154,3,427,2026-05-01 11:03:00
119,185,1,131,2026-05-01 11:04:00
176,110,5,481,2026-05-01 11:05:00
420,142,2,188,2026-05-01 11:06:00
119,197,2,136,2026-05-01 11:07:00
428,160,1,81,2026-05-01 11:08:00
10,118,4,360,2026-05-01 11:09:00
391,182,1,178,2026-05-01 11:10:00
451,103,4,325,2026-05-01 11:11:00
140,183,4,314,2026-05-01 11:12:00
337,186,3,181,2026-05-01 11:13:00
256,161,2,151,2026-05-01 11:14:00
279,119,3,153,2026-05-01 11:15:00
491,132,5,78,2026-05-01 11:16:00
151,195,4,478,2026-05-01 11:17:00
265,199,5,278,2026-05-01 11:18:00
457,153,4,79,2026-05-01 11:19:00
449,185,3,101,2026-05-01 11:20:00
120,182,4,284,2026-05-01 11:21:00
495,170,5,455,2026-05-01 11:22:00
45,139,5,381,2026-05-01 11:23:00
165,111,4,331,2026-05-01 11:24:00
379,186,5,139,2026-05-01 11:25:00
449,114,2,330,2026-05-01 11:26:00
81,121,1,217,2026-05-01 11:27:00
246,128,2,117,2026-05-01 11:28:00
405,187,1,413,2026-05-01 11:29:00
424,151,4,254,2026-05-01 11:30:00
69,113,2,185,2026-05-01 11:31:00
335,167,1,273,2026-05-01 11:32:00
111,128,2,359,2026-05-01 11:33:00
25,140,1,478,2026-05-01 11:34:00
438,102,1,280,2026-05-01 11:35:00
443,135,3,486,2026-05-01 11:36:00
431,180,1,291,2026-05-01 11:37:00
316,195,1,120,2026-05-01 11:38:00
103,198,5,67,2026-05-01 11:39:00
240,126,2,393,2026-05-01 11:40:00
203,146,1,496,2026-05-01 11:41:00
386,117,1,320,2026-05-01 11:42:00
324,110,4,243,2026-05-01 11:43:00
450,105,1,211,2026-05-01 11:44:00
89,158,2,458,2026-05-01 11:45:00
498,175,1,146,2026-05-01 11:46:00
342,126,3,211,2026-05-01 11:47:00
387,115,4,150,2026-05-01 11:48:00
180,140,5,113,2026-05-01 11:49:00
18,152,5,294,2026-05-01 11:50:00
448,181,4,209,2026-05-01 11:51:00
334,185,4,221,2026-05-01 11:52:00
423,190,4,269,2026-05-01 11:53:00
147,108,4,316,2026-05-01 11:54:00
13,170,4,64,2026-05-01 11:55:00
335,106,2,53,2026-05-01 11:56:00
282,136,5,446,2026-05-01 11:57:00
267,144,5,394,2026-05-01 11:58:00
345,176,5,77,2026-05-01 11:59:00
22,189,1,103,2026-05-01 12:00:00
344,110,5,363,2026-05-01 12:01:00
196,170,1,213,2026-05-01 12:02:00
395,158,1,335,2026-05-01 12:03:00
263,153,4,386,2026-05-01 12:04:00
363,141,4,191,2026-05-01 12:05:00
57,117,4,229,2026-05-01 12:06:00
496,162,3,202,2026-05-01 12:07:00
194,136,2,459,2026-05-01 12:08:00
455,120,5,472,2026-05-01 12:09:00
375,121,1,66,2026-05-01 12:10:00
82,185,5,141,2026-05-01 12:11:00
343,173,5,497,2026-05-01 12:12:00
170,161,3,263,2026-05-01 12:13:00
498,123,2,95,2026-05-01 12:14:00
313,158,5,457,2026-05-01 12:15:00
428,193,3,475,2026-05-01 12:16:00
423,191,3,442,2026-05-01 12:17:00
72,166,3,442,2026-05-01 12:18:00
354,120,5,287,2026-05-01 12:19:00
27,106,5,441,2026-05-01 12:20:00
298,190,1,208,2026-05-01 12:21:00
144,139,3,310,2026-05-01 12:22:00
30,171,3,445,2026-05-01 12:23:00
143,118,3,131,2026-05-01 12:24:00
459,161,1,237,2026-05-01 12:25:00
129,122,3,433,2026-05-01 12:26:00
315,122,5,371,2026-05-01 12:27:00
453,138,3,208,2026-05-01 12:28:00
80,173,4,239,2026-05-01 12:29:00
226,189,4,167,2026-05-01 12:30:00
400,165,4,165,2026-05-01 12:31:00
333,143,1,162,2026-05-01 12:32:00
168,106,2,222,2026-05-01 12:33:00
345,178,1,73,2026-05-01 12:34:00
192,185,5,222,2026-05-01 12:35:00
429,119,3,492,2026-05-01 12:36:00
315,168,4,51,2026-05-01 12:37:00
207,198,2,179,2026-05-01 12:38:00
174,130,3,271,2026-05-01 12:39:00
398,199,2,432,2026-05-01 12:40:00
191,160,1,303,2026-05-01 12:41:00
203,141,3,109,2026-05-01 12:42:00
190,118,5,303,2026-05-01 12:43:00
167,154,2,344,2026-05-01 12:44:00
459,188,4,363,2026-05-01 12:45:00
265,196,2,423,2026-05-01 12:46:00
383,170,5,379,2026-05-01 12:47:00
89,113,2,193,2026-05-01 12:48:00
182,165,5,323,2026-05-01 12:49:00
212,149,4,302,2026-05-01 12:50:00
219,180,5,227,2026-05-01 12:51:00
245,115,5,267,2026-05-01 12:52:00
47,122,3,54,2026-05-01 12:53:00
496,174,1,152,2026-05-01 12:54:00
363,104,5,436,2026-05-01 12:55:00
268,127,3,285,2026-05-01 12:56:00
372,123,5,165,2026-05-01 12:57:00
345,117,3,375,2026-05-01 12:58:00
239,138,5,89,2026-05-01 12:59:00
288,108,5,184,2026-05-01 13:00:00
138,167,4,119,2026-05-01 13:01:00
81,136,3,444,2026-05-01 13:02:00
167,140,1,147,2026-05-01 13:03:00
156,150,3,126,2026-05-01 13:04:00
122,179,4,417,2026-05-01 13:05:00
491,126,3,97,2026-05-01 13:06:00
418,157,4,284,2026-05-01 13:07:00
264,110,5,166,2026-05-01 13:08:00
157,104,5,457,2026-05-01 13:09:00
395,194,4,188,2026-05-01 13:10:00
280,158,3,369,2026-05-01 13:11:00
39,153,1,296,2026-05-01 13:12:00
163,166,5,398,2026-05-01 13:13:00
460,145,1,200,2026-05-01 13:14:00
172,186,1,50,2026-05-01 13:15:00
348,143,5,354,2026-05-01 13:16:00
268,171,1,486,2026-05-01 13:17:00
107,143,1,333,2026-05-01 13:18:00
91,150,4,409,2026-05-01 13:19:00
312,175,3,491,2026-05-01 13:20:00
161,133,3,285,2026-05-01 13:21:00
284,169,4,336,2026-05-01 13:22:00
62,154,4,489,2026-05-01 13:23:00
475,195,1,161,2026-05-01 13:24:00
72,180,2,223,2026-05-01 13:25:00
85,115,2,282,2026-05-01 13:26:00
405,150,3,83,2026-05-01 13:27:00
343,180,1,207,2026-05-01 13:28:00
254,137,4,232,2026-05-01 13:29:00
92,161,1,155,2026-05-01 13:30:00
377,168,3,132,2026-05-01 13:31:00
402,170,5,462,2026-05-01 13:32:00
487,186,4,339,2026-05-01 13:33:00
445,162,5,59,2026-05-01 13:34:00
15,110,2,406,2026-05-01 13:35:00
143,144,3,82,2026-05-01 13:36:00
372,168,5,368,2026-05-01 13:37:00
205,149,5,253,2026-05-01 13:38:00
153,128,3,133,2026-05-01 13:39:00
43,189,3,398,2026-05-01 13:40:00
248,132,5,319,2026-05-01 13:41:00
269,157,5,269,2026-05-01 13:42:00
231,106,2,399,2026-05-01 13:43:00
11,125,1,468,2026-05-01 13:44:00
126,100,5,53,2026-05-01 13:45:00
386,119,4,95,2026-05-01 13:46:00
374,192,1,143,2026-05-01 13:47:00
133,185,2,119,2026-05-01 13:48:00
162,179,5,96,2026-05-01 13:49:00
313,194,1,343,2026-05-01 13:50:00
84,151,5,259,2026-05-01 13:51:00
333,141,4,490,2026-05-01 13:52:00
43,124,1,179,2026-05-01 13:53:00
229,127,1,287,2026-05-01 13:54:00
485,124,5,357,2026-05-01 13:55:00
241,153,1,95,2026-05-01 13:56:00
248,152,1,88,2026-05-01 13:57:00
43,149,4,225,2026-05-01 13:58:00
426,177,1,130,2026-05-01 13:59:00
80,104,5,459,2026-05-01 14:00:00
356,142,1,61,2026-05-01 14:01:00
184,171,5,231,2026-05-01 14:02:00
71,152,1,159,2026-05-01 14:03:00
316,178,1,95,2026-05-01 14:04:00
428,103,5,369,2026-05-01 14:05:00
320,107,1,361,2026-05-01 14:06:00
200,130,2,370,2026-05-01 14:07:00
254,180,2,202,2026-05-01 14:08:00
321,102,1,201,2026-05-01 14:09:00
188,137,2,461,2026-05-01 14:10:00
391,194,4,418,2026-05-01 14:11:00
252,106,3,299,2026-05-01 14:12:00
12,127,2,492,2026-05-01 14:13:00
153,166,2,227,2026-05-01 14:14:00
384,114,1,374,2026-05-01 14:15:00
328,127,3,68,2026-05-01 14:16:00
341,139,4,145,2026-05-01 14:17:00
44,180,5,287,2026-05-01 14:18:00
429,107,4,113,2026-05-01 14:19:00
427,122,3,491,2026-05-01 14:20:00
399,168,3,351,2026-05-01 14:21:00
12,186,5,291,2026-05-01 14:22:00
118,137,2,97,2026-05-01 14:23:00
417,185,2,439,2026-05-01 14:24:00
272,179,3,246,2026-05-01 14:25:00
64,174,5,460,2026-05-01 14:26:00
386,144,1,238,2026-05-01 14:27:00
321,100,1,189,2026-05-01 14:28:00
425,113,2,170,2026-05-01 14:29:00
107,138,3,172,2026-05-01 14:30:00
76,143,1,375,2026-05-01 14:31:00
420,192,5,378,2026-05-01 14:32:00
166,150,2,311,2026-05-01 14:33:00
445,145,4,414,2026-05-01 14:34:00
171,180,5,454,2026-05-01 14:35:00
174,169,1,209,2026-05-01 14:36:00
321,137,2,316,2026-05-01 14:37:00
448,177,2,447,2026-05-01 14:38:00
458,145,4,241,2026-05-01 14:39:00
314,122,4,61,2026-05-01 14:40:00
434,154,1,153,2026-05-01 14:41:00
41,197,5,497,2026-05-01 14:42:00
264,156,3,147,2026-05-01 14:43:00
194,160,1,232,2026-05-01 14:44:00
116,186,5,363,2026-05-01 14:45:00
350,117,4,220,2026-05-01 14:46:00
413,148,4,59,2026-05-01 14:47:00
334,163,1,303,2026-05-01 14:48:00
443,185,5,201,2026-05-01 14:49:00
174,156,5,412,2026-05-01 14:50:00
238,145,1,437,2026-05-01 14:51:00
143,104,1,304,2026-05-01 14:52:00
96,180,2,321,2026-05-01 14:53:00
465,154,3,330,2026-05-01 14:54:00
191,170,3,356,2026-05-01 14:55:00
275,172,1,303,2026-05-01 14:56:00
147,174,5,458,2026-05-01 14:57:00
217,113,2,474,2026-05-01 14:58:00
250,153,3,269,2026-05-01 14:59:00
220,184,3,493,2026-05-01 15:00:00
400,119,4,60,2026-05-01 15:01:00
385,176,2,274,2026-05-01 15:02:00
224,119,4,136,2026-05-01 15:03:00
361,192,5,170,2026-05-01 15:04:00
337,149,2,204,2026-05-01 15:05:00
225,105,1,418,2026-05-01 15:06:00
109,196,3,235,2026-05-01 15:07:00
376,120,5,147,2026-05-01 15:08:00
457,152,3,304,2026-05-01 15:09:00
390,112,4,455,2026-05-01 15:10:00
239,199,2,217,2026-05-01 15:11:00
183,124,4,455,2026-05-01 15:12:00
36,195,5,229,2026-05-01 15:13:00
498,159,3,321,2026-05-01 15:14:00
188,111,2,473,2026-05-01 15:15:00
124,190,4,63,2026-05-01 15:16:00
214,108,1,237,2026-05-01 15:17:00
280,121,1,190,2026-05-01 15:18:00
208,100,2,380,2026-05-01 15:19:00
457,102,3,217,2026-05-01 15:20:00
403,138,4,423,2026-05-01 15:21:00
494,124,2,406,2026-05-01 15:22:00
376,128,5,477,2026-05-01 15:23:00
322,171,4,269,2026-05-01 15:24:00
386,183,1,148,2026-05-01 15:25:00
332,114,5,428,2026-05-01 15:26:00
135,148,5,425,2026-05-01 15:27:00
201,133,2,124,2026-05-01 15:28:00
452,135,2,121,2026-05-01 15:29:00
33,167,5,420,2026-05-01 15:30:00
407,138,1,54,2026-05-01 15:31:00
175,100,4,105,2026-05-01 15:32:00
192,122,5,198,2026-05-01 15:33:00
338,167,3,447,2026-05-01 15:34:00
219,181,1,393,2026-05-01 15:35:00
477,156,2,447,2026-05-01 15:36:00
472,175,2,90,2026-05-01 15:37:00
203,181,2,112,2026-05-01 15:38:00
110,169,4,353,2026-05-01 15:39:00
351,108,3,330,2026-05-01 15:40:00
498,187,3,226,2026-05-01 15:41:00
314,191,2,130,2026-05-01 15:42:00
3,141,3,317,2026-05-01 15:43:00
478,190,4,198,2026-05-01 15:44:00
241,115,5,158,2026-05-01 15:45:00
34,163,5,495,2026-05-01 15:46:00
45,138,5,91,2026-05-01 15:47:00
500,180,3,255,2026-05-01 15:48:00
335,144,5,448,2026-05-01 15:49:00
39,179,2,352,2026-05-01 15:50:00
29,189,5,365,2026-05-01 15:51:00
194,185,4,409,2026-05-01 15:52:00
484,108,3,450,2026-05-01 15:53:00
197,188,3,113,2026-05-01 15:54:00
97,122,3,74,2026-05-01 15:55:00
419,112,1,94,2026-05-01 15:56:00
390,130,3,50,2026-05-01 15:57:00
397,120,3,392,2026-05-01 15:58:00
97,153,3,189,2026-05-01 15:59:00
485,160,5,229,2026-05-01 16:00:00
363,128,3,388,2026-05-01 16:01:00
36,117,2,177,2026-05-01 16:02:00
51,160,1,272,2026-05-01 16:03:00
55,186,4,250,2026-05-01 16:04:00
314,136,3,94,2026-05-01 16:05:00
108,160,2,160,2026-05-01 16:06:00
154,199,4,95,2026-05-01 16:07:00
451,170,1,113,2026-05-01 16:08:00
216,149,5,320,2026-05-01 16:09:00
16,146,2,83,2026-05-01 16:10:00
335,184,1,305,2026-05-01 16:11:00
306,130,3,467,2026-05-01 16:12:00
91,127,1,387,2026-05-01 16:13:00
88,127,1,373,2026-05-01 16:14:00
38,176,1,449,2026-05-01 16:15:00
133,188,5,185,2026-05-01 16:16:00
275,126,3,384,2026-05-01 16:17:00
353,177,5,266,2026-05-01 16:18:00
374,111,5,317,2026-05-01 16:19:00
101,179,4,397,2026-05-01 16:20:00
129,117,3,251,2026-05-01 16:21:00
369,181,2,92,2026-05-01 16:22:00
208,178,3,339,2026-05-01 16:23:00
97,143,2,311,2026-05-01 16:24:00
202,171,4,460,2026-05-01 16:25:00
477,125,1,95,2026-05-01 16:26:00
423,176,3,209,2026-05-01 16:27:00
126,116,2,392,2026-05-01 16:28:00
41,125,3,133,2026-05-01 16:29:00
492,187,2,480,2026-05-01 16:30:00
375,198,2,174,2026-05-01 16:31:00
85,130,1,332,2026-05-01 16:32:00
475,195,4,331,2026-05-01 16:33:00
345,167,4,381,2026-05-01 16:34:00
97,163,2,208,2026-05-01 16:35:00
390,177,1,434,2026-05-01 16:36:00
148,110,5,110,2026-05-01 16:37:00
128,146,3,477,2026-05-01 16:38:00
428,124,4,409,2026-05-01 16:39:00
188,165,4,351,2026-05-01 16:40:00
482,108,1,100,2026-05-01 16:41:00
219,146,1,168,2026-05-01 16:42:00
335,171,4,160,2026-05-01 16:43:00
459,159,1,112,2026-05-01 16:44:00
317,164,2,190,2026-05-01 16:45:00
185,146,4,493,2026-05-01 16:46:00
194,151,1,427,2026-05-01 16:47:00
339,128,5,350,2026-05-01 16:48:00
499,132,3,445,2026-05-01 16:49:00
216,112,3,316,2026-05-01 16:50:00
79,113,4,431,2026-05-01 16:51:00
455,198,2,201,2026-05-01 16:52:00
111,101,2,108,2026-05-01 16:53:00
150,165,3,118,2026-05-01 16:54:00
177,149,5,374,2026-05-01 16:55:00
493,163,5,496,2026-05-01 16:56:00
494,100,5,481,2026-05-01 16:57:00
40,127,3,264,2026-05-01 16:58:00
30,148,4,366,2026-05-01 16:59:00
38,160,2,91,2026-05-01 17:00:00
243,181,1,472,2026-05-01 17:01:00
122,141,1,477,2026-05-01 17:02:00
132,182,2,118,2026-05-01 17:03:00
308,162,3,307,2026-05-01 17:04:00
178,102,4,365,2026-05-01 17:05:00
317,131,4,430,2026-05-01 17:06:00
114,134,4,352,2026-05-01 17:07:00
208,114,2,185,2026-05-01 17:08:00
25,196,4,265,2026-05-01 17:09:00
95,142,1,257,2026-05-01 17:10:00
33,104,1,350,2026-05-01 17:11:00
498,117,4,211,2026-05-01 17:12:00
467,110,1,170,2026-05-01 17:13:00
391,106,4,147,2026-05-01 17:14:00
321,195,2,296,2026-05-01 17:15:00
338,118,2,409,2026-05-01 17:16:00
463,158,5,301,2026-05-01 17:17:00
44,167,3,367,2026-05-01 17:18:00
329,106,2,133,2026-05-01 17:19:00
314,124,5,229,2026-05-01 17:20:00
288,193,4,441,2026-05-01 17:21:00
231,137,1,446,2026-05-01 17:22:00
446,161,4,95,2026-05-01 17:23:00
201,150,1,354,2026-05-01 17:24:00
187,113,3,97,2026-05-01 17:25:00
288,197,4,131,2026-05-01 17:26:00
490,104,5,278,2026-05-01 17:27:00
358,183,2,295,2026-05-01 17:28:00
228,155,4,270,2026-05-01 17:29:00
395,183,3,61,2026-05-01 17:30:00
245,124,5,264,2026-05-01 17:31:00
77,198,5,332,2026-05-01 17:32:00
158,189,1,318,2026-05-01 17:33:00
234,194,3,346,2026-05-01 17:34:00
303,154,1,75,2026-05-01 17:35:00
12,141,3,93,2026-05-01 17:36:00
446,195,1,417,2026-05-01 17:37:00
209,163,3,315,2026-05-01 17:38:00
436,116,3,273,2026-05-01 17:39:00
456,116,4,454,2026-05-01 17:40:00
156,152,1,335,2026-05-01 17:41:00
18,151,1,189,2026-05-01 17:42:00
438,129,3,423,2026-05-01 17:43:00
425,156,1,72,2026-05-01 17:44:00
128,121,1,287,2026-05-01 17:45:00
437,190,2,419,2026-05-01 17:46:00
376,117,3,180,2026-05-01 17:47:00
258,136,2,221,2026-05-01 17:48:00
453,123,4,365,2026-05-01 17:49:00
257,148,5,81,2026-05-01 17:50:00
16,122,1,346,2026-05-01 17:51:00
67,131,4,171,2026-05-01 17:52:00
283,160,1,334,2026-05-01 17:53:00
401,114,3,449,2026-05-01 17:54:00
433,198,4,487,2026-05-01 17:55:00
65,118,1,97,2026-05-01 17:56:00
31,185,4,257,2026-05-01 17:57:00
12,162,3,369,2026-05-01 17:58:00
282,167,3,67,2026-05-01 17:59:00
224,136,5,105,2026-05-01 18:00:00
193,101,3,283,2026-05-01 18:01:00
414,184,5,357,2026-05-01 18:02:00
280,190,3,327,2026-05-01 18:03:00
62,137,2,492,2026-05-01 18:04:00
153,195,5,282,2026-05-01 18:05:00
25,162,5,117,2026-05-01 18:06:00
486,159,2,72,2026-05-01 18:07:00
370,108,5,130,2026-05-01 18:08:00
178,126,2,468,2026-05-01 18:09:00
134,100,1,70,2026-05-01 18:10:00
97,155,2,243,2026-05-01 18:11:00
386,152,4,84,2026-05-01 18:12:00
170,173,2,470,2026-05-01 18:13:00
264,157,3,263,2026-05-01 18:14:00
388,162,3,209,2026-05-01 18:15:00
261,125,3,373,2026-05-01 18:16:00
250,114,4,445,2026-05-01 18:17:00
265,187,2,418,2026-05-01 18:18:00
172,156,1,344,2026-05-01 18:19:00
263,145,5,138,2026-05-01 18:20:00
78,168,4,353,2026-05-01 18:21:00
479,174,4,355,2026-05-01 18:22:00
321,126,1,357,2026-05-01 18:23:00
43,188,5,370,2026-05-01 18:24:00
271,139,5,257,2026-05-01 18:25:00
51,120,5,157,2026-05-01 18:26:00
53,170,1,142,2026-05-01 18:27:00
348,152,2,85,2026-05-01 18:28:00
117,130,5,236,2026-05-01 18:29:00
43,140,4,344,2026-05-01 18:30:00
317,111,4,236,2026-05-01 18:31:00
234,163,5,251,2026-05-01 18:32:00
22,104,5,52,2026-05-01 18:33:00
228,187,5,198,2026-05-01 18:34:00
318,193,2,128,2026-05-01 18:35:00
2,168,2,204,2026-05-01 18:36:00
307,197,3,497,2026-05-01 18:37:00
346,117,4,161,2026-05-01 18:38:00
17,147,3,347,2026-05-01 18:39:00
11,171,4,381,2026-05-01 18:40:00
315,184,1,360,2026-05-01 18:41:00
96,133,5,115,2026-05-01 18:42:00
404,173,4,351,2026-05-01 18:43:00
487,108,5,417,2026-05-01 18:44:00
288,188,4,80,2026-05-01 18:45:00
2,178,3,173,2026-05-01 18:46:00
289,173,2,346,2026-05-01 18:47:00
217,186,3,125,2026-05-01 18:48:00
278,148,1,343,2026-05-01 18:49:00
306,136,5,263,2026-05-01 18:50:00
85,181,3,153,2026-05-01 18:51:00
280,187,3,440,2026-05-01 18:52:00
474,103,4,53,2026-05-01 18:53:00
56,137,4,395,2026-05-01 18:54:00
223,158,3,244,2026-05-01 18:55:00
44,175,3,354,2026-05-01 18:56:00
33,129,4,140,2026-05-01 18:57:00
252,182,5,299,2026-05-01 18:58:00
347,185,3,342,2026-05-01 18:59:00
417,157,3,261,2026-05-01 19:00:00
229,130,3,250,2026-05-01 19:01:00
2,158,4,212,2026-05-01 19:02:00
11,111,5,484,2026-05-01 19:03:00
148,167,2,195,2026-05-01 19:04:00
235,182,2,171,2026-05-01 19:05:00
376,187,2,243,2026-05-01 19:06:00
118,167,4,482,2026-05-01 19:07:00
299,107,3,384,2026-05-01 19:08:00
451,182,1,239,2026-05-01 19:09:00
95,129,1,85,2026-05-01 19:10:00
140,188,4,381,2026-05-01 19:11:00
49,109,3,210,2026-05-01 19:12:00
234,152,2,81,2026-05-01 19:13:00
33,169,5,408,2026-05-01 19:14:00
134,138,2,362,2026-05-01 19:15:00
347,109,1,104,2026-05-01 19:16:00
56,131,1,284,2026-05-01 19:17:00
261,187,1,280,2026-05-01 19:18:00
489,168,2,201,2026-05-01 19:19:00
58,102,5,398,2026-05-01 19:20:00
460,187,4,171,2026-05-01 19:21:00
488,136,1,50,2026-05-01 19:22:00
221,167,1,317,2026-05-01 19:23:00
225,142,5,189,2026-05-01 19:24:00
295,170,4,76,2026-05-01 19:25:00
248,189,3,446,2026-05-01 19:26:00
421,188,5,166,2026-05-01 19:27:00
266,148,1,413,2026-05-01 19:28:00
373,147,3,67,2026-05-01 19:29:00
8,118,5,150,2026-05-01 19:30:00
438,129,1,333,2026-05-01 19:31:00
400,144,5,77,2026-05-01 19:32:00
89,199,2,429,2026-05-01 19:33:00
230,198,4,352,2026-05-01 19:34:00
201,101,1,179,2026-05-01 19:35:00
2,128,3,409,2026-05-01 19:36:00
111,149,3,392,2026-05-01 19:37:00
152,155,5,313,2026-05-01 19:38:00
226,199,5,224,2026-05-01 19:39:00
216,110,1,303,2026-05-01 19:40:00
100,125,4,265,2026-05-01 19:41:00
479,143,3,412,2026-05-01 19:42:00
446,171,3,322,2026-05-01 19:43:00
88,197,4,482,2026-05-01 19:44:00
235,118,3,225,2026-05-01 19:45:00
372,161,3,170,2026-05-01 19:46:00
50,139,3,434,2026-05-01 19:47:00
111,135,3,418,2026-05-01 19:48:00
395,120,1,208,2026-05-01 19:49:00
273,179,1,66,2026-05-01 19:50:00
261,152,4,88,2026-05-01 19:51:00
359,177,5,230,2026-05-01 19:52:00
415,180,5,488,2026-05-01 19:53:00
143,159,4,106,2026-05-01 19:54:00
425,195,3,333,2026-05-01 19:55:00
252,146,3,406,2026-05-01 19:56:00
332,192,5,448,2026-05-01 19:57:00
475,160,1,224,2026-05-01 19:58:00
103,178,5,453,2026-05-01 19:59:00
178,159,1,425,2026-05-01 20:00:00
490,198,2,326,2026-05-01 20:01:00
403,146,1,437,2026-05-01 20:02:00
242,179,1,67,2026-05-01 20:03:00
3,124,5,222,2026-05-01 20:04:00
173,173,5,436,2026-05-01 20:05:00
343,165,4,232,2026-05-01 20:06:00
172,158,3,258,2026-05-01 20:07:00
418,184,2,228,2026-05-01 20:08:00
413,167,4,466,2026-05-01 20:09:00
356,139,1,245,2026-05-01 20:10:00
206,183,3,430,2026-05-01 20:11:00
250,146,3,495,2026-05-01 20:12:00
131,142,4,91,2026-05-01 20:13:00
404,199,3,138,2026-05-01 20:14:00
329,161,1,187,2026-05-01 20:15:00
352,146,4,273,2026-05-01 20:16:00
219,176,5,366,2026-05-01 20:17:00
115,182,4,172,2026-05-01 20:18:00
115,140,2,196,2026-05-01 20:19:00
359,142,5,448,2026-05-01 20:20:00
255,126,3,334,2026-05-01 20:21:00
252,178,4,355,2026-05-01 20:22:00
458,154,1,364,2026-05-01 20:23:00
11,155,1,497,2026-05-01 20:24:00
414,107,2,145,2026-05-01 20:25:00
140,187,2,405,2026-05-01 20:26:00
140,175,2,253,2026-05-01 20:27:00
490,163,2,420,2026-05-01 20:28:00
250,151,1,478,2026-05-01 20:29:00
281,167,5,483,2026-05-01 20:30:00
338,180,3,349,2026-05-01 20:31:00
77,100,5,155,2026-05-01 20:32:00
99,116,2,89,2026-05-01 20:33:00
295,164,2,346,2026-05-01 20:34:00
460,186,4,55,2026-05-01 20:35:00
350,103,3,491,2026-05-01 20:36:00
389,141,5,296,2026-05-01 20:37:00
249,161,4,118,2026-05-01 20:38:00
415,117,5,343,2026-05-01 20:39:00
232,131,1,408,2026-05-01 20:40:00
45,177,5,245,2026-05-01 20:41:00
291,147,2,189,2026-05-01 20:42:00
260,110,1,133,2026-05-01 20:43:00
189,116,1,286,2026-05-01 20:44:00
221,106,4,203,2026-05-01 20:45:00
350,122,4,287,2026-05-01 20:46:00
195,165,5,113,2026-05-01 20:47:00
292,115,1,353,2026-05-01 20:48:00
381,116,1,56,2026-05-01 20:49:00
347,113,4,468,2026-05-01 20:50:00
185,131,1,445,2026-05-01 20:51:00
114,100,1,345,2026-05-01 20:52:00
196,117,4,315,2026-05-01 20:53:00
455,138,2,378,2026-05-01 20:54:00
341,113,4,360,2026-05-01 20:55:00
171,187,1,115,2026-05-01 20:56:00
124,171,3,357,2026-05-01 20:57:00
476,145,2,475,2026-05-01 20:58:00
67,176,3,357,2026-05-01 20:59:00
83,132,4,195,2026-05-01 21:00:00
34,100,5,394,2026-05-01 21:01:00
419,175,5,271,2026-05-01 21:02:00
221,186,5,457,2026-05-01 21:03:00
286,121,1,487,2026-05-01 21:04:00
261,123,1,282,2026-05-01 21:05:00
228,193,5,242,2026-05-01 21:06:00
244,115,5,229,2026-05-01 21:07:00
18,136,5,202,2026-05-01 21:08:00
485,123,3,488,2026-05-01 21:09:00
57,191,5,325,2026-05-01 21:10:00
336,107,3,308,2026-05-01 21:11:00
422,150,1,76,2026-05-01 21:12:00
479,103,1,338,2026-05-01 21:13:00
192,190,3,486,2026-05-01 21:14:00
381,150,5,219,2026-05-01 21:15:00
331,112,2,427,2026-05-01 21:16:00
110,108,2,166,2026-05-01 21:17:00
157,132,3,262,2026-05-01 21:18:00
290,177,5,357,2026-05-01 21:19:00
191,160,4,90,2026-05-01 21:20:00
65,191,3,383,2026-05-01 21:21:00
59,103,3,138,2026-05-01 21:22:00
344,184,1,86,2026-05-01 21:23:00
388,133,5,329,2026-05-01 21:24:00
201,167,1,155,2026-05-01 21:25:00
187,197,2,298,2026-05-01 21:26:00
499,154,4,330,2026-05-01 21:27:00
439,172,4,459,2026-05-01 21:28:00
46,107,2,184,2026-05-01 21:29:00
122,155,1,249,2026-05-01 21:30:00
324,113,2,399,2026-05-01 21:31:00
356,100,2,294,2026-05-01 21:32:00
384,140,1,143,2026-05-01 21:33:00
53,129,5,192,2026-05-01 21:34:00
92,185,1,73,2026-05-01 21:35:00
396,192,1,154,2026-05-01 21:36:00
344,151,4,285,2026-05-01 21:37:00
441,137,4,467,2026-05-01 21:38:00
309,198,1,339,2026-05-01 21:39:00
150,147,3,193,2026-05-01 21:40:00
236,165,2,379,2026-05-01 21:41:00
373,135,2,293,2026-05-01 21:42:00
50,142,3,81,2026-05-01 21:43:00
453,180,4,472,2026-05-01 21:44:00
416,137,2,85,2026-05-01 21:45:00
117,132,1,155,2026-05-01 21:46:00
436,183,2,263,2026-05-01 21:47:00
452,135,3,53,2026-05-01 21:48:00
250,173,5,59,2026-05-01 21:49:00
87,120,2,486,2026-05-01 21:50:00
126,119,1,291,2026-05-01 21:51:00
11,139,1,214,2026-05-01 21:52:00
325,107,2,378,2026-05-01 21:53:00
298,115,5,430,2026-05-01 21:54:00
310,121,1,417,2026-05-01 21:55:00
253,105,1,133,2026-05-01 21:56:00
199,123,5,193,2026-05-01 21:57:00
439,148,5,200,2026-05-01 21:58:00
334,168,3,77,2026-05-01 21:59:00
152,197,1,205,2026-05-01 22:00:00
415,197,3,63,2026-05-01 22:01:00
20,149,3,229,2026-05-01 22:02:00
466,169,4,177,2026-05-01 22:03:00
45,184,2,459,2026-05-01 22:04:00
131,145,2,453,2026-05-01 22:05:00
395,133,4,404,2026-05-01 22:06:00
93,117,1,236,2026-05-01 22:07:00
314,169,4,67,2026-05-01 22:08:00
229,145,5,361,2026-05-01 22:09:00
457,104,5,270,2026-05-01 22:10:00
194,179,2,390,2026-05-01 22:11:00
316,126,2,168,2026-05-01 22:12:00
78,116,1,51,2026-05-01 22:13:00
417,104,2,469,2026-05-01 22:14:00
339,183,1,395,2026-05-01 22:15:00
139,197,1,229,2026-05-01 22:16:00
187,121,2,163,2026-05-01 22:17:00
8,178,1,144,2026-05-01 22:18:00
249,134,2,323,2026-05-01 22:19:00
262,111,3,270,2026-05-01 22:20:00
250,163,5,204,2026-05-01 22:21:00
476,100,2,111,2026-05-01 22:22:00
174,164,1,127,2026-05-01 22:23:00
170,196,3,284,2026-05-01 22:24:00
485,159,4,76,2026-05-01 22:25:00
317,120,2,52,2026-05-01 22:26:00
67,128,4,243,2026-05-01 22:27:00
275,104,1,73,2026-05-01 22:28:00
15,128,3,426,2026-05-01 22:29:00
159,150,3,338,2026-05-01 22:30:00
227,189,3,112,2026-05-01 22:31:00
23,130,3,88,2026-05-01 22:32:00
278,192,4,285,2026-05-01 22:33:00
424,130,4,301,2026-05-01 22:34:00
250,114,1,194,2026-05-01 22:35:00
273,156,5,456,2026-05-01 22:36:00
53,137,3,456,2026-05-01 22:37:00
102,124,4,221,2026-05-01 22:38:00
475,172,2,292,2026-05-01 22:39:00
440,100,2,416,2026-05-01 22:40:00
498,154,4,172,2026-05-01 22:41:00
105,151,4,428,2026-05-01 22:42:00
326,101,4,478,2026-05-01 22:43:00
299,164,1,355,2026-05-01 22:44:00
475,112,5,494,2026-05-01 22:45:00
70,127,4,304,2026-05-01 22:46:00
120,155,4,495,2026-05-01 22:47:00
240,126,5,231,2026-05-01 22:48:00
216,168,2,355,2026-05-01 22:49:00
258,183,2,413,2026-05-01 22:50:00
367,172,4,227,2026-05-01 22:51:00
391,104,2,142,2026-05-01 22:52:00
201,168,1,420,2026-05-01 22:53:00
171,183,4,474,2026-05-01 22:54:00
207,150,4,475,2026-05-01 22:55:00
370,135,5,222,2026-05-01 22:56:00
457,121,4,133,2026-05-01 22:57:00
151,187,1,157,2026-05-01 22:58:00
469,122,5,437,2026-05-01 22:59:00
75,164,5,494,2026-05-01 23:00:00
195,176,4,246,2026-05-01 23:01:00
243,192,4,205,2026-05-01 23:02:00
57,117,1,488,2026-05-01 23:03:00
27,199,4,335,2026-05-01 23:04:00
383,188,3,212,2026-05-01 23:05:00
460,186,5,62,2026-05-01 23:06:00
498,124,4,301,2026-05-01 23:07:00
458,185,2,375,2026-05-01 23:08:00
443,167,2,69,2026-05-01 23:09:00
170,112,5,369,2026-05-01 23:10:00
493,101,3,168,2026-05-01 23:11:00
125,184,1,158,2026-05-01 23:12:00
53,119,1,380,2026-05-01 23:13:00
211,193,5,460,2026-05-01 23:14:00
190,116,1,356,2026-05-01 23:15:00
300,185,2,401,2026-05-01 23:16:00
302,176,2,427,2026-05-01 23:17:00
35,103,1,479,2026-05-01 23:18:00
234,182,3,154,2026-05-01 23:19:00
96,112,1,160,2026-05-01 23:20:00
128,166,1,259,2026-05-01 23:21:00
140,167,1,465,2026-05-01 23:22:00
402,170,2,384,2026-05-01 23:23:00
268,111,2,393,2026-05-01 23:24:00
447,128,1,151,2026-05-01 23:25:00
205,183,1,172,2026-05-01 23:26:00
64,169,4,140,2026-05-01 23:27:00
487,196,3,482,2026-05-01 23:28:00
390,181,5,101,2026-05-01 23:29:00
51,168,1,87,2026-05-01 23:30:00
431,127,4,468,2026-05-01 23:31:00
349,164,1,242,2026-05-01 23:32:00
102,160,5,337,2026-05-01 23:33:00
206,163,1,197,2026-05-01 23:34:00
499,124,5,364,2026-05-01 23:35:00
50,159,2,359,2026-05-01 23:36:00
97,146,3,277,2026-05-01 23:37:00
168,101,2,216,2026-05-01 23:38:00
227,107,4,323,2026-05-01 23:39:00
233,138,3,435,2026-05-01 23:40:00
44,103,5,219,2026-05-01 23:41:00
180,119,4,251,2026-05-01 23:42:00
185,149,5,220,2026-05-01 23:43:00
353,177,4,453,2026-05-01 23:44:00
148,118,2,207,2026-05-01 23:45:00
112,127,5,487,2026-05-01 23:46:00
248,173,1,200,2026-05-01 23:47:00
462,163,2,79,2026-05-01 23:48:00
482,107,2,98,2026-05-01 23:49:00
456,109,1,181,2026-05-01 23:50:00
98,184,3,353,2026-05-01 23:51:00
2,100,1,351,2026-05-01 23:52:00
387,157,3,83,2026-05-01 23:53:00
247,171,4,220,2026-05-01 23:54:00
260,162,5,115,2026-05-01 23:55:00
45,194,1,133,2026-05-01 23:56:00
54,161,2,143,2026-05-01 23:57:00
365,178,3,411,2026-05-01 23:58:00
26,181,1,154,2026-05-01 23:59:00
381,144,5,493,2026-05-02 00:00:00
295,107,3,377,2026-05-02 00:01:00
29,175,4,72,2026-05-02 00:02:00
119,124,1,121,2026-05-02 00:03:00
153,168,5,132,2026-05-02 00:04:00
49,138,1,303,2026-05-02 00:05:00
116,142,2,436,2026-05-02 00:06:00
7,161,5,409,2026-05-02 00:07:00
439,197,3,316,2026-05-02 00:08:00
468,196,3,352,2026-05-02 00:09:00
497,187,3,72,2026-05-02 00:10:00
414,145,3,199,2026-05-02 00:11:00
51,190,4,79,2026-05-02 00:12:00
243,149,1,488,2026-05-02 00:13:00
266,142,5,267,2026-05-02 00:14:00
403,152,4,487,2026-05-02 00:15:00
284,148,2,442,2026-05-02 00:16:00
46,118,2,249,2026-05-02 00:17:00
479,123,2,474,2026-05-02 00:18:00
127,149,5,229,2026-05-02 00:19:00
116,110,1,87,2026-05-02 00:20:00
278,151,1,493,2026-05-02 00:21:00
50,163,5,91,2026-05-02 00:22:00
214,150,1,367,2026-05-02 00:23:00
293,157,5,290,2026-05-02 00:24:00
369,177,1,439,2026-05-02 00:25:00
248,188,3,347,2026-05-02 00:26:00
207,144,4,75,2026-05-02 00:27:00
30,121,2,390,2026-05-02 00:28:00
114,164,3,219,2026-05-02 00:29:00
29,185,3,485,2026-05-02 00:30:00
464,171,1,486,2026-05-02 00:31:00
95,106,1,178,2026-05-02 00:32:00
407,122,3,382,2026-05-02 00:33:00
300,106,5,173,2026-05-02 00:34:00
48,174,3,370,2026-05-02 00:35:00
168,117,1,179,2026-05-02 00:36:00
472,143,3,193,2026-05-02 00:37:00
213,149,2,494,2026-05-02 00:38:00
355,133,1,166,2026-05-02 00:39:00
231,150,5,151,2026-05-02 00:40:00
376,132,5,98,2026-05-02 00:41:00
136,125,4,335,2026-05-02 00:42:00
15,159,5,185,2026-05-02 00:43:00
288,182,3,138,2026-05-02 00:44:00
30,194,5,350,2026-05-02 00:45:00
58,178,5,169,2026-05-02 00:46:00
292,119,1,229,2026-05-02 00:47:00
408,171,5,65,2026-05-02 00:48:00
268,198,4,79,2026-05-02 00:49:00
50,108,1,471,2026-05-02 00:50:00
347,141,1,373,2026-05-02 00:51:00
476,162,2,488,2026-05-02 00:52:00
212,169,4,140,2026-05-02 00:53:00
30,182,3,408,2026-05-02 00:54:00
1,175,3,446,2026-05-02 00:55:00
220,183,1,368,2026-05-02 00:56:00
398,118,1,180,2026-05-02 00:57:00
129,175,3,194,2026-05-02 00:58:00
344,145,2,308,2026-05-02 00:59:00
47,197,4,89,2026-05-02 01:00:00
282,120,5,341,2026-05-02 01:01:00
480,168,4,70,2026-05-02 01:02:00
53,199,3,338,2026-05-02 01:03:00
67,135,2,311,2026-05-02 01:04:00
487,172,1,337,2026-05-02 01:05:00
406,131,1,456,2026-05-02 01:06:00
429,123,1,290,2026-05-02 01:07:00
379,101,4,304,2026-05-02 01:08:00
291,130,3,171,2026-05-02 01:09:00
273,129,4,156,2026-05-02 01:10:00
316,154,5,191,2026-05-02 01:11:00
318,197,2,81,2026-05-02 01:12:00
174,112,2,102,2026-05-02 01:13:00
343,161,1,156,2026-05-02 01:14:00
81,197,3,78,2026-05-02 01:15:00
469,153,2,318,2026-05-02 01:16:00
173,162,5,218,2026-05-02 01:17:00
17,107,1,248,2026-05-02 01:18:00
235,172,1,202,2026-05-02 01:19:00
120,127,4,327,2026-05-02 01:20:00
159,182,4,276,2026-05-02 01:21:00
492,112,2,293,2026-05-02 01:22:00
180,187,4,381,2026-05-02 01:23:00
243,184,2,75,2026-05-02 01:24:00
34,117,4,430,2026-05-02 01:25:00
66,195,4,205,2026-05-02 01:26:00
338,140,3,344,2026-05-02 01:27:00
255,135,4,303,2026-05-02 01:28:00
476,123,4,463,2026-05-02 01:29:00
374,145,4,374,2026-05-02 01:30:00
25,104,2,438,2026-05-02 01:31:00
99,180,1,186,2026-05-02 01:32:00
161,188,3,264,2026-05-02 01:33:00
498,192,3,294,2026-05-02 01:34:00
238,188,5,120,2026-05-02 01:35:00
431,151,1,392,2026-05-02 01:36:00
447,100,4,162,2026-05-02 01:37:00
162,176,5,260,2026-05-02 01:38:00
37,188,3,379,2026-05-02 01:39:00
101,138,3,94,2026-05-02 01:40:00
275,128,5,476,2026-05-02 01:41:00
142,122,4,150,2026-05-02 01:42:00
338,178,5,153,2026-05-02 01:43:00
460,109,2,255,2026-05-02 01:44:00
158,128,2,436,2026-05-02 01:45:00
134,171,3,452,2026-05-02 01:46:00
99,145,3,200,2026-05-02 01:47:00
76,104,4,307,2026-05-02 01:48:00
61,116,4,125,2026-05-02 01:49:00
366,126,5,109,2026-05-02 01:50:00
69,186,5,250,2026-05-02 01:51:00
386,151,5,351,2026-05-02 01:52:00
359,110,4,448,2026-05-02 01:53:00
21,189,1,496,2026-05-02 01:54:00
378,153,3,315,2026-05-02 01:55:00
317,166,5,315,2026-05-02 01:56:00
397,157,4,192,2026-05-02 01:57:00
30,104,2,110,2026-05-02 01:58:00
443,146,2,320,2026-05-02 01:59:00
375,160,3,65,2026-05-02 02:00:00
56,144,1,213,2026-05-02 02:01:00
290,100,2,429,2026-05-02 02:02:00
365,169,2,457,2026-05-02 02:03:00
433,167,3,408,2026-05-02 02:04:00
54,145,5,233,2026-05-02 02:05:00
438,159,1,465,2026-05-02 02:06:00
202,127,1,344,2026-05-02 02:07:00
303,177,1,454,2026-05-02 02:08:00
259,101,1,116,2026-05-02 02:09:00
146,137,3,219,2026-05-02 02:10:00
306,131,4,124,2026-05-02 02:11:00
43,148,5,59,2026-05-02 02:12:00
69,145,5,368,2026-05-02 02:13:00
320,122,2,437,2026-05-02 02:14:00
94,135,5,442,2026-05-02 02:15:00
319,177,1,464,2026-05-02 02:16:00
23,182,4,456,2026-05-02 02:17:00
257,178,1,217,2026-05-02 02:18:00
136,168,1,299,2026-05-02 02:19:00
230,158,5,68,2026-05-02 02:20:00
405,183,4,140,2026-05-02 02:21:00
201,191,4,423,2026-05-02 02:22:00
344,146,3,74,2026-05-02 02:23:00
362,191,5,321,2026-05-02 02:24:00
88,105,4,96,2026-05-02 02:25:00
32,190,1,468,2026-05-02 02:26:00
20,141,3,408,2026-05-02 02:27:00
134,167,4,106,2026-05-02 02:28:00
499,146,3,356,2026-05-02 02:29:00
432,138,3,111,2026-05-02 02:30:00
461,119,1,236,2026-05-02 02:31:00
414,105,2,265,2026-05-02 02:32:00
286,171,5,128,2026-05-02 02:33:00
171,148,2,116,2026-05-02 02:34:00
499,118,1,229,2026-05-02 02:35:00
462,158,4,111,2026-05-02 02:36:00
396,170,3,418,2026-05-02 02:37:00
111,104,2,60,2026-05-02 02:38:00
8,149,1,89,2026-05-02 02:39:00
200,101,5,89,2026-05-02 02:40:00
23,148,1,228,2026-05-02 02:41:00
262,167,5,181,2026-05-02 02:42:00
427,140,3,309,2026-05-02 02:43:00
221,194,4,362,2026-05-02 02:44:00
164,137,1,455,2026-05-02 02:45:00
348,170,2,108,2026-05-02 02:46:00
56,170,5,330,2026-05-02 02:47:00
373,188,4,295,2026-05-02 02:48:00
202,146,1,254,2026-05-02 02:49:00
139,173,3,275,2026-05-02 02:50:00
13,135,2,189,2026-05-02 02:51:00
472,134,5,366,2026-05-02 02:52:00
149,120,3,363,2026-05-02 02:53:00
480,143,5,117,2026-05-02 02:54:00
452,107,4,452,2026-05-02 02:55:00
90,134,5,193,2026-05-02 02:56:00
342,144,2,139,2026-05-02 02:57:00
221,185,5,313,2026-05-02 02:58:00
319,162,4,56,2026-05-02 02:59:00
165,124,4,67,2026-05-02 03:00:00
349,186,2,215,2026-05-02 03:01:00
116,129,4,434,2026-05-02 03:02:00
64,199,3,384,2026-05-02 03:03:00
108,133,2,232,2026-05-02 03:04:00
343,171,5,443,2026-05-02 03:05:00
98,170,4,340,2026-05-02 03:06:00
126,148,1,478,2026-05-02 03:07:00
308,148,5,487,2026-05-02 03:08:00
244,121,1,179,2026-05-02 03:09:00
345,192,3,268,2026-05-02 03:10:00
60,131,4,348,2026-05-02 03:11:00
129,159,4,333,2026-05-02 03:12:00
310,112,4,259,2026-05-02 03:13:00
380,148,2,447,2026-05-02 03:14:00
235,157,4,454,2026-05-02 03:15:00
169,137,2,392,2026-05-02 03:16:00
358,181,3,324,2026-05-02 03:17:00
13,138,2,112,2026-05-02 03:18:00
417,137,4,235,2026-05-02 03:19:00
430,118,3,286,2026-05-02 03:20:00
16,168,3,201,2026-05-02 03:21:00
120,182,4,401,2026-05-02 03:22:00
137,154,5,477,2026-05-02 03:23:00
388,143,4,197,2026-05-02 03:24:00
305,138,1,273,2026-05-02 03:25:00
472,127,2,357,2026-05-02 03:26:00
71,149,4,294,2026-05-02 03:27:00
88,128,3,490,2026-05-02 03:28:00
270,196,2,349,2026-05-02 03:29:00
321,148,5,281,2026-05-02 03:30:00
457,106,3,454,2026-05-02 03:31:00
69,160,2,342,2026-05-02 03:32:00
283,172,4,317,2026-05-02 03:33:00
63,110,2,317,2026-05-02 03:34:00
312,135,5,497,2026-05-02 03:35:00
489,128,5,482,2026-05-02 03:36:00
356,142,4,421,2026-05-02 03:37:00
482,120,4,75,2026-05-02 03:38:00
334,144,5,494,2026-05-02 03:39:00
444,110,1,261,2026-05-02 03:40:00
136,146,2,212,2026-05-02 03:41:00
429,123,4,342,2026-05-02 03:42:00
244,170,1,390,2026-05-02 03:43:00
26,166,3,247,2026-05-02 03:44:00
471,131,4,371,2026-05-02 03:45:00
2,150,5,422,2026-05-02 03:46:00
468,191,5,462,2026-05-02 03:47:00
42,101,2,343,2026-05-02 03:48:00
262,148,5,241,2026-05-02 03:49:00
257,145,1,235,2026-05-02 03:50:00
477,175,2,137,2026-05-02 03:51:00
73,153,4,274,2026-05-02 03:52:00
34,125,3,237,2026-05-02 03:53:00
223,111,5,360,2026-05-02 03:54:00
192,193,2,125,2026-05-02 03:55:00
186,199,2,58,2026-05-02 03:56:00
498,156,4,101,2026-05-02 03:57:00
341,131,1,90,2026-05-02 03:58:00
178,168,5,284,2026-05-02 03:59:00
342,113,5,413,2026-05-02 04:00:00
424,182,3,203,2026-05-02 04:01:00
160,174,2,127,2026-05-02 04:02:00
417,120,1,321,2026-05-02 04:03:00
478,179,1,473,2026-05-02 04:04:00
424,124,1,453,2026-05-02 04:05:00
76,157,3,104,2026-05-02 04:06:00
133,163,3,435,2026-05-02 04:07:00
284,135,3,385,2026-05-02 04:08:00
29,157,2,152,2026-05-02 04:09:00
426,144,4,241,2026-05-02 04:10:00
400,174,1,362,2026-05-02 04:11:00
341,181,3,222,2026-05-02 04:12:00
186,192,4,271,2026-05-02 04:13:00
368,114,1,222,2026-05-02 04:14:00
164,176,5,246,2026-05-02 04:15:00
337,198,1,370,2026-05-02 04:16:00
187,181,2,245,2026-05-02 04:17:00
262,133,2,205,2026-05-02 04:18:00
329,159,1,406,2026-05-02 04:19:00
328,186,5,405,2026-05-02 04:20:00
233,166,4,446,2026-05-02 04:21:00
249,161,2,436,2026-05-02 04:22:00
347,173,4,248,2026-05-02 04:23:00
451,117,4,231,2026-05-02 04:24:00
150,117,5,142,2026-05-02 04:25:00
220,123,3,263,2026-05-02 04:26:00
305,128,5,345,2026-05-02 04:27:00
61,159,1,253,2026-05-02 04:28:00
270,144,5,165,2026-05-02 04:29:00
80,110,2,241,2026-05-02 04:30:00
157,191,5,121,2026-05-02 04:31:00
8,111,3,443,2026-05-02 04:32:00
329,180,5,386,2026-05-02 04:33:00
222,174,5,68,2026-05-02 04:34:00
153,175,3,136,2026-05-02 04:35:00
430,109,3,403,2026-05-02 04:36:00
423,149,4,290,2026-05-02 04:37:00
74,188,1,301,2026-05-02 04:38:00
134,186,3,199,2026-05-02 04:39:00
75,107,2,155,2026-05-02 04:40:00
367,157,3,129,2026-05-02 04:41:00
28,115,2,387,2026-05-02 04:42:00
126,180,3,228,2026-05-02 04:43:00
420,103,3,313,2026-05-02 04:44:00
409,149,1,271,2026-05-02 04:45:00
36,135,3,468,2026-05-02 04:46:00
286,110,4,334,2026-05-02 04:47:00
224,106,2,395,2026-05-02 04:48:00
470,189,5,56,2026-05-02 04:49:00
354,125,3,329,2026-05-02 04:50:00
476,178,4,397,2026-05-02 04:51:00
402,159,4,441,2026-05-02 04:52:00
204,127,1,159,2026-05-02 04:53:00
364,119,4,269,2026-05-02 04:54:00
17,134,4,351,2026-05-02 04:55:00
96,153,1,148,2026-05-02 04:56:00
85,156,4,196,2026-05-02 04:57:00
444,122,2,157,2026-05-02 04:58:00
388,197,1,269,2026-05-02 04:59:00
73,198,1,456,2026-05-02 05:00:00
499,143,1,62,2026-05-02 05:01:00
342,193,1,240,2026-05-02 05:02:00
477,141,5,437,2026-05-02 05:03:00
345,194,2,272,2026-05-02 05:04:00
182,164,1,475,2026-05-02 05:05:00
198,104,3,92,2026-05-02 05:06:00
252,142,1,373,2026-05-02 05:07:00
160,104,1,477,2026-05-02 05:08:00
137,134,1,447,2026-05-02 05:09:00
65,138,5,218,2026-05-02 05:10:00
79,169,1,168,2026-05-02 05:11:00
238,133,1,194,2026-05-02 05:12:00
11,125,5,57,2026-05-02 05:13:00
327,177,3,179,2026-05-02 05:14:00
304,148,1,367,2026-05-02 05:15:00
185,115,4,365,2026-05-02 05:16:00
426,169,3,472,2026-05-02 05:17:00
43,130,3,405,2026-05-02 05:18:00
194,172,2,343,2026-05-02 05:19:00
418,116,4,234,2026-05-02 05:20:00
39,145,2,401,2026-05-02 05:21:00
7,133,3,364,2026-05-02 05:22:00
36,111,5,370,2026-05-02 05:23:00
431,132,1,488,2026-05-02 05:24:00
479,196,5,341,2026-05-02 05:25:00
74,123,3,477,2026-05-02 05:26:00
222,164,1,66,2026-05-02 05:27:00
291,169,5,349,2026-05-02 05:28:00
122,108,4,132,2026-05-02 05:29:00
291,108,4,230,2026-05-02 05:30:00
320,133,2,98,2026-05-02 05:31:00
299,154,2,337,2026-05-02 05:32:00
100,179,5,396,2026-05-02 05:33:00
444,122,3,61,2026-05-02 05:34:00
149,120,5,448,2026-05-02 05:35:00
6,179,2,433,2026-05-02 05:36:00
379,135,2,182,2026-05-02 05:37:00
247,187,3,114,2026-05-02 05:38:00
212,197,4,152,2026-05-02 05:39:00
311,160,3,248,2026-05-02 05:40:00
188,110,1,422,2026-05-02 05:41:00
209,128,5,120,2026-05-02 05:42:00
96,149,3,92,2026-05-02 05:43:00
109,114,2,418,2026-05-02 05:44:00
282,113,3,482,2026-05-02 05:45:00
474,194,3,328,2026-05-02 05:46:00
476,147,3,450,2026-05-02 05:47:00
295,113,1,387,2026-05-02 05:48:00
234,175,1,64,2026-05-02 05:49:00
101,176,3,195,2026-05-02 05:50:00
110,110,3,263,2026-05-02 05:51:00
396,117,1,183,2026-05-02 05:52:00
308,140,5,453,2026-05-02 05:53:00
105,196,4,369,2026-05-02 05:54:00
331,124,5,107,2026-05-02 05:55:00
258,195,5,406,2026-05-02 05:56:00
310,158,4,430,2026-05-02 05:57:00
16,181,1,456,2026-05-02 05:58:00
402,148,4,223,2026-05-02 05:59:00
472,102,2,445,2026-05-02 06:00:00
96,142,5,353,2026-05-02 06:01:00
2,185,4,124,2026-05-02 06:02:00
206,188,5,151,2026-05-02 06:03:00
316,108,5,112,2026-05-02 06:04:00
262,161,5,79,2026-05-02 06:05:00
422,139,1,124,2026-05-02 06:06:00
241,138,5,493,2026-05-02 06:07:00
9,144,3,54,2026-05-02 06:08:00
428,111,5,496,2026-05-02 06:09:00
351,104,3,331,2026-05-02 06:10:00
134,156,5,400,2026-05-02 06:11:00
474,110,4,296,2026-05-02 06:12:00
345,130,2,325,2026-05-02 06:13:00
160,105,3,232,2026-05-02 06:14:00
415,133,4,489,2026-05-02 06:15:00
360,106,4,291,2026-05-02 06:16:00
247,177,5,424,2026-05-02 06:17:00
142,177,2,498,2026-05-02 06:18:00
486,187,1,335,2026-05-02 06:19:00
76,136,2,140,2026-05-02 06:20:00
497,148,2,175,2026-05-02 06:21:00
254,197,4,473,2026-05-02 06:22:00
210,180,5,131,2026-05-02 06:23:00
232,198,5,263,2026-05-02 06:24:00
198,109,3,188,2026-05-02 06:25:00
89,100,2,58,2026-05-02 06:26:00
72,177,3,390,2026-05-02 06:27:00
126,193,3,462,2026-05-02 06:28:00
48,146,1,328,2026-05-02 06:29:00
292,154,3,180,2026-05-02 06:30:00
361,144,1,178,2026-05-02 06:31:00
118,185,3,157,2026-05-02 06:32:00
81,196,2,429,2026-05-02 06:33:00
331,136,1,284,2026-05-02 06:34:00
393,186,2,479,2026-05-02 06:35:00
464,130,2,188,2026-05-02 06:36:00
449,103,3,480,2026-05-02 06:37:00
303,141,1,201,2026-05-02 06:38:00
108,158,5,393,2026-05-02 06:39:00
172,167,3,483,2026-05-02 06:40:00
5,157,5,175,2026-05-02 06:41:00
405,197,3,75,2026-05-02 06:42:00
396,124,5,161,2026-05-02 06:43:00
23,123,1,288,2026-05-02 06:44:00
285,136,4,496,2026-05-02 06:45:00
369,124,4,461,2026-05-02 06:46:00
318,112,1,193,2026-05-02 06:47:00
238,107,3,495,2026-05-02 06:48:00
204,137,3,54,2026-05-02 06:49:00
126,111,5,209,2026-05-02 06:50:00
452,122,4,96,2026-05-02 06:51:00
84,181,1,271,2026-05-02 06:52:00
386,136,1,403,2026-05-02 06:53:00
413,180,2,248,2026-05-02 06:54:00
422,152,5,488,2026-05-02 06:55:00
487,139,5,84,2026-05-02 06:56:00
252,106,1,279,2026-05-02 06:57:00
245,122,5,378,2026-05-02 06:58:00
411,178,5,384,2026-05-02 06:59:00
100,191,2,273,2026-05-02 07:00:00
253,122,1,277,2026-05-02 07:01:00
493,149,2,193,2026-05-02 07:02:00
9,123,1,297,2026-05-02 07:03:00
7,182,1,351,2026-05-02 07:04:00
281,187,4,93,2026-05-02 07:05:00
422,134,3,86,2026-05-02 07:06:00
74,173,3,406,2026-05-02 07:07:00
259,123,5,419,2026-05-02 07:08:00
227,116,4,53,2026-05-02 07:09:00
393,134,3,371,2026-05-02 07:10:00
305,102,3,380,2026-05-02 07:11:00
8,193,5,306,2026-05-02 07:12:00
453,117,2,416,2026-05-02 07:13:00
249,130,3,340,2026-05-02 07:14:00
447,194,5,307,2026-05-02 07:15:00
51,172,4,92,2026-05-02 07:16:00
224,183,4,192,2026-05-02 07:17:00
210,137,2,121,2026-05-02 07:18:00
205,127,2,96,2026-05-02 07:19:00
375,186,1,271,2026-05-02 07:20:00
375,176,5,448,2026-05-02 07:21:00
400,116,5,243,2026-05-02 07:22:00
314,197,2,264,2026-05-02 07:23:00
297,110,3,487,2026-05-02 07:24:00
321,171,1,54,2026-05-02 07:25:00
179,133,5,249,2026-05-02 07:26:00
105,194,5,106,2026-05-02 07:27:00
487,135,3,325,2026-05-02 07:28:00
182,140,2,122,2026-05-02 07:29:00
122,169,5,483,2026-05-02 07:30:00
168,104,4,145,2026-05-02 07:31:00
380,162,4,408,2026-05-02 07:32:00
268,189,5,392,2026-05-02 07:33:00
91,199,1,262,2026-05-02 07:34:00
89,155,5,318,2026-05-02 07:35:00
77,135,5,176,2026-05-02 07:36:00
40,158,4,435,2026-05-02 07:37:00
159,149,1,230,2026-05-02 07:38:00
243,170,2,54,2026-05-02 07:39:00
33,162,2,293,2026-05-02 07:40:00
239,134,3,129,2026-05-02 07:41:00
402,146,1,223,2026-05-02 07:42:00
430,106,3,137,2026-05-02 07:43:00
476,153,3,416,2026-05-02 07:44:00
352,140,1,382,2026-05-02 07:45:00
96,145,4,94,2026-05-02 07:46:00
246,103,5,224,2026-05-02 07:47:00
14,119,4,97,2026-05-02 07:48:00
140,166,1,156,2026-05-02 07:49:00
316,172,4,215,2026-05-02 07:50:00
94,164,2,416,2026-05-02 07:51:00
14,133,5,429,2026-05-02 07:52:00
298,134,1,79,2026-05-02 07:53:00
279,109,2,110,2026-05-02 07:54:00
116,128,4,361,2026-05-02 07:55:00
333,125,4,161,2026-05-02 07:56:00
495,110,3,401,2026-05-02 07:57:00
477,132,5,169,2026-05-02 07:58:00
328,173,4,446,2026-05-02 07:59:00
302,107,5,322,2026-05-02 08:00:00
45,190,4,328,2026-05-02 08:01:00
286,184,1,290,2026-05-02 08:02:00
71,101,5,163,2026-05-02 08:03:00
237,177,3,216,2026-05-02 08:04:00
473,102,3,403,2026-05-02 08:05:00
349,182,3,110,2026-05-02 08:06:00
8,159,1,198,2026-05-02 08:07:00
420,179,5,73,2026-05-02 08:08:00
475,115,4,403,2026-05-02 08:09:00
435,155,5,392,2026-05-02 08:10:00
394,108,3,241,2026-05-02 08:11:00
183,166,5,405,2026-05-02 08:12:00
392,190,5,302,2026-05-02 08:13:00
167,110,3,345,2026-05-02 08:14:00
128,115,4,424,2026-05-02 08:15:00
467,183,2,356,2026-05-02 08:16:00
308,154,2,267,2026-05-02 08:17:00
199,153,2,448,2026-05-02 08:18:00
9,174,5,58,2026-05-02 08:19:00
309,178,2,463,2026-05-02 08:20:00
425,102,3,61,2026-05-02 08:21:00
291,114,2,82,2026-05-02 08:22:00
227,131,4,50,2026-05-02 08:23:00
135,102,2,96,2026-05-02 08:24:00
191,156,1,112,2026-05-02 08:25:00
288,146,3,216,2026-05-02 08:26:00
262,190,1,375,2026-05-02 08:27:00
441,153,5,453,2026-05-02 08:28:00
214,193,2,433,2026-05-02 08:29:00
495,160,3,312,2026-05-02 08:30:00
412,128,4,78,2026-05-02 08:31:00
369,153,2,184,2026-05-02 08:32:00
486,160,5,140,2026-05-02 08:33:00
328,109,4,99,2026-05-02 08:34:00
288,153,1,320,2026-05-02 08:35:00
266,169,3,410,2026-05-02 08:36:00
74,111,1,400,2026-05-02 08:37:00
376,169,4,394,2026-05-02 08:38:00
27,109,2,195,2026-05-02 08:39:00
51,195,4,92,2026-05-02 08:40:00
331,187,2,289,2026-05-02 08:41:00
296,193,2,180,2026-05-02 08:42:00
255,101,1,326,2026-05-02 08:43:00
296,131,5,56,2026-05-02 08:44:00
64,196,5,364,2026-05-02 08:45:00
327,196,4,481,2026-05-02 08:46:00
125,189,5,410,2026-05-02 08:47:00
366,134,3,383,2026-05-02 08:48:00
371,129,1,416,2026-05-02 08:49:00
261,174,5,336,2026-05-02 08:50:00
95,183,1,239,2026-05-02 08:51:00
94,165,1,113,2026-05-02 08:52:00
317,125,1,124,2026-05-02 08:53:00
338,188,3,285,2026-05-02 08:54:00
94,123,1,435,2026-05-02 08:55:00
53,150,4,435,2026-05-02 08:56:00
173,116,4,372,2026-05-02 08:57:00
73,189,1,253,2026-05-02 08:58:00
285,158,2,196,2026-05-02 08:59:00
304,139,4,242,2026-05-02 09:00:00
179,183,2,350,2026-05-02 09:01:00
411,102,4,326,2026-05-02 09:02:00
229,144,2,226,2026-05-02 09:03:00
94,184,3,489,2026-05-02 09:04:00
75,145,4,134,2026-05-02 09:05:00
34,143,4,202,2026-05-02 09:06:00
346,107,5,203,2026-05-02 09:07:00
198,185,5,217,2026-05-02 09:08:00
214,113,4,468,2026-05-02 09:09:00
29,123,1,438,2026-05-02 09:10:00
240,107,1,411,2026-05-02 09:11:00
18,111,2,296,2026-05-02 09:12:00
102,102,2,326,2026-05-02 09:13:00
441,157,1,427,2026-05-02 09:14:00
314,192,3,407,2026-05-02 09:15:00
167,182,4,228,2026-05-02 09:16:00
450,132,4,497,2026-05-02 09:17:00
117,109,1,289,2026-05-02 09:18:00
66,156,1,107,2026-05-02 09:19:00
