user_id,url,method,response_code,response_time_ms,timestamp
381,/checkout,GET,200,1811,2026-05-01 00:00:00
142,/checkout,GET,200,1687,2026-05-01 00:01:00
382,/product,GET,200,1648,2026-05-01 00:02:00
111,/product,POST,200,1074,2026-05-01 00:03:00
404,/checkout,GET,200,596,2026-05-01 00:04:00
312,/home,GET,200,965,2026-05-01 00:05:00
204,/home,GET,200,426,2026-05-01 00:06:00
438,/home,POST,200,1659,2026-05-01 00:07:00
352,/cart,GET,200,1939,2026-05-01 00:08:00
487,/checkout,POST,404,1645,2026-05-01 00:09:00
222,/home,GET,200,577,2026-05-01 00:10:00
138,/product,POST,200,816,2026-05-01 00:11:00
320,/cart,GET,200,1249,2026-05-01 00:12:00
243,/product,GET,200,1135,2026-05-01 00:13:00
252,/checkout,GET,200,1570,2026-05-01 00:14:00
312,/home,GET,200,1555,2026-05-01 00:15:00
118,/checkout,GET,200,137,2026-05-01 00:16:00
341,/checkout,GET,200,1944,2026-05-01 00:17:00
226,/home,POST,200,1752,2026-05-01 00:18:00
440,/home,GET,200,519,2026-05-01 00:19:00
495,/home,POST,200,1013,2026-05-01 00:20:00
254,/home,GET,404,713,2026-05-01 00:21:00
257,/cart,POST,200,506,2026-05-01 00:22:00
500,/search,POST,200,1307,2026-05-01 00:23:00
120,/search,GET,404,256,2026-05-01 00:24:00
335,/product,GET,200,1948,2026-05-01 00:25:00
366,/home,POST,200,562,2026-05-01 00:26:00
46,/search,GET,200,676,2026-05-01 00:27:00
2,/home,POST,200,1358,2026-05-01 00:28:00
165,/search,POST,200,1470,2026-05-01 00:29:00
122,/home,POST,200,428,2026-05-01 00:30:00
312,/home,GET,200,1139,2026-05-01 00:31:00
438,/search,POST,404,809,2026-05-01 00:32:00
386,/checkout,GET,200,500,2026-05-01 00:33:00
461,/product,GET,500,236,2026-05-01 00:34:00
352,/checkout,GET,200,984,2026-05-01 00:35:00
47,/cart,GET,200,1254,2026-05-01 00:36:00
97,/checkout,GET,200,1374,2026-05-01 00:37:00
6,/home,POST,404,1894,2026-05-01 00:38:00
8,/product,GET,200,1261,2026-05-01 00:39:00
360,/home,GET,200,129,2026-05-01 00:40:00
350,/cart,GET,404,1031,2026-05-01 00:41:00
500,/checkout,POST,200,1350,2026-05-01 00:42:00
179,/checkout,POST,200,1606,2026-05-01 00:43:00
494,/search,GET,200,513,2026-05-01 00:44:00
414,/checkout,GET,200,1865,2026-05-01 00:45:00
313,/home,GET,200,1499,2026-05-01 00:46:00
432,/home,POST,200,1443,2026-05-01 00:47:00
39,/checkout,POST,200,263,2026-05-01 00:48:00
143,/search,GET,200,873,2026-05-01 00:49:00
146,/cart,GET,200,518,2026-05-01 00:50:00
357,/product,GET,200,1560,2026-05-01 00:51:00
157,/product,GET,200,1918,2026-05-01 00:52:00
403,/home,POST,200,1510,2026-05-01 00:53:00
112,/checkout,POST,200,1915,2026-05-01 00:54:00
128,/search,POST,200,1093,2026-05-01 00:55:00
459,/home,GET,200,1240,2026-05-01 00:56:00
415,/cart,POST,200,1309,2026-05-01 00:57:00
89,/home,POST,200,268,2026-05-01 00:58:00
64,/cart,POST,200,1236,2026-05-01 00:59:00
299,/cart,GET,200,84,2026-05-01 01:00:00
363,/home,GET,200,463,2026-05-01 01:01:00
312,/product,POST,200,668,2026-05-01 01:02:00
59,/product,POST,200,327,2026-05-01 01:03:00
177,/cart,GET,200,834,2026-05-01 01:04:00
212,/product,GET,200,1428,2026-05-01 01:05:00
27,/checkout,POST,200,1276,2026-05-01 01:06:00
36,/search,POST,200,1326,2026-05-01 01:07:00
335,/search,POST,200,799,2026-05-01 01:08:00
246,/product,GET,200,1690,2026-05-01 01:09:00
207,/search,GET,200,976,2026-05-01 01:10:00
218,/cart,GET,200,469,2026-05-01 01:11:00
459,/product,GET,404,1087,2026-05-01 01:12:00
185,/search,POST,200,1970,2026-05-01 01:13:00
183,/checkout,GET,200,824,2026-05-01 01:14:00
285,/home,POST,500,637,2026-05-01 01:15:00
280,/checkout,POST,200,1286,2026-05-01 01:16:00
289,/checkout,POST,200,53,2026-05-01 01:17:00
398,/home,GET,200,803,2026-05-01 01:18:00
15,/product,GET,200,1215,2026-05-01 01:19:00
288,/product,POST,200,1653,2026-05-01 01:20:00
125,/product,GET,500,1600,2026-05-01 01:21:00
66,/cart,GET,200,1222,2026-05-01 01:22:00
397,/search,GET,200,1085,2026-05-01 01:23:00
424,/home,POST,200,1432,2026-05-01 01:24:00
23,/checkout,POST,200,613,2026-05-01 01:25:00
224,/home,GET,200,1891,2026-05-01 01:26:00
221,/checkout,GET,200,951,2026-05-01 01:27:00
87,/checkout,GET,200,53,2026-05-01 01:28:00
487,/home,POST,200,450,2026-05-01 01:29:00
135,/search,GET,200,458,2026-05-01 01:30:00
227,/search,GET,200,1433,2026-05-01 01:31:00
280,/search,GET,200,1232,2026-05-01 01:32:00
332,/checkout,POST,200,579,2026-05-01 01:33:00
311,/search,GET,404,598,2026-05-01 01:34:00
439,/checkout,POST,200,1628,2026-05-01 01:35:00
56,/home,POST,200,1839,2026-05-01 01:36:00
409,/product,GET,200,1744,2026-05-01 01:37:00
390,/home,POST,404,1228,2026-05-01 01:38:00
149,/cart,POST,200,381,2026-05-01 01:39:00
452,/product,GET,200,311,2026-05-01 01:40:00
148,/checkout,POST,200,716,2026-05-01 01:41:00
82,/home,POST,200,1437,2026-05-01 01:42:00
61,/checkout,POST,200,1855,2026-05-01 01:43:00
279,/checkout,GET,200,1452,2026-05-01 01:44:00
138,/product,POST,200,1281,2026-05-01 01:45:00
112,/checkout,POST,200,118,2026-05-01 01:46:00
100,/product,GET,200,1482,2026-05-01 01:47:00
226,/home,POST,200,371,2026-05-01 01:48:00
94,/cart,POST,200,701,2026-05-01 01:49:00
338,/home,POST,200,116,2026-05-01 01:50:00
360,/product,GET,200,771,2026-05-01 01:51:00
271,/product,GET,200,440,2026-05-01 01:52:00
291,/product,GET,200,266,2026-05-01 01:53:00
352,/cart,POST,200,1248,2026-05-01 01:54:00
113,/home,POST,200,1295,2026-05-01 01:55:00
121,/checkout,GET,200,1130,2026-05-01 01:56:00
63,/search,GET,404,849,2026-05-01 01:57:00
164,/cart,POST,404,1391,2026-05-01 01:58:00
322,/home,POST,200,1723,2026-05-01 01:59:00
148,/home,GET,200,232,2026-05-01 02:00:00
337,/product,GET,200,1319,2026-05-01 02:01:00
275,/checkout,GET,200,1358,2026-05-01 02:02:00
90,/home,POST,200,903,2026-05-01 02:03:00
31,/search,POST,200,392,2026-05-01 02:04:00
332,/cart,POST,200,753,2026-05-01 02:05:00
265,/checkout,GET,200,314,2026-05-01 02:06:00
258,/checkout,POST,200,383,2026-05-01 02:07:00
255,/home,GET,200,430,2026-05-01 02:08:00
140,/product,GET,200,1014,2026-05-01 02:09:00
332,/checkout,POST,200,559,2026-05-01 02:10:00
193,/search,POST,404,1358,2026-05-01 02:11:00
341,/product,GET,500,900,2026-05-01 02:12:00
126,/product,GET,200,1036,2026-05-01 02:13:00
148,/cart,POST,200,1006,2026-05-01 02:14:00
292,/checkout,POST,200,1893,2026-05-01 02:15:00
417,/search,POST,200,457,2026-05-01 02:16:00
146,/home,POST,500,1316,2026-05-01 02:17:00
282,/search,POST,200,1873,2026-05-01 02:18:00
197,/cart,GET,200,591,2026-05-01 02:19:00
446,/search,GET,500,1233,2026-05-01 02:20:00
115,/search,GET,200,1264,2026-05-01 02:21:00
261,/home,GET,200,1627,2026-05-01 02:22:00
46,/checkout,GET,200,1603,2026-05-01 02:23:00
178,/home,POST,404,219,2026-05-01 02:24:00
242,/checkout,GET,200,157,2026-05-01 02:25:00
408,/checkout,GET,200,1904,2026-05-01 02:26:00
217,/search,POST,200,1039,2026-05-01 02:27:00
234,/checkout,POST,200,389,2026-05-01 02:28:00
392,/home,POST,200,411,2026-05-01 02:29:00
384,/search,POST,200,411,2026-05-01 02:30:00
409,/product,POST,200,1395,2026-05-01 02:31:00
410,/cart,GET,200,925,2026-05-01 02:32:00
176,/search,GET,200,770,2026-05-01 02:33:00
491,/search,GET,200,1174,2026-05-01 02:34:00
339,/cart,POST,200,1287,2026-05-01 02:35:00
253,/checkout,GET,200,1009,2026-05-01 02:36:00
2,/product,POST,200,1693,2026-05-01 02:37:00
249,/home,POST,404,1376,2026-05-01 02:38:00
275,/home,GET,200,793,2026-05-01 02:39:00
115,/search,POST,200,570,2026-05-01 02:40:00
99,/checkout,POST,200,252,2026-05-01 02:41:00
428,/home,POST,200,1299,2026-05-01 02:42:00
464,/product,GET,404,312,2026-05-01 02:43:00
118,/product,GET,200,1834,2026-05-01 02:44:00
217,/home,GET,200,198,2026-05-01 02:45:00
135,/product,POST,200,1804,2026-05-01 02:46:00
246,/product,POST,200,695,2026-05-01 02:47:00
219,/product,POST,200,1415,2026-05-01 02:48:00
227,/home,GET,200,1345,2026-05-01 02:49:00
407,/product,GET,200,1111,2026-05-01 02:50:00
460,/home,GET,200,273,2026-05-01 02:51:00
389,/product,POST,404,1716,2026-05-01 02:52:00
321,/product,GET,200,1988,2026-05-01 02:53:00
375,/checkout,GET,200,1791,2026-05-01 02:54:00
285,/cart,GET,200,1477,2026-05-01 02:55:00
389,/cart,POST,200,1657,2026-05-01 02:56:00
90,/checkout,POST,200,974,2026-05-01 02:57:00
239,/search,POST,200,1929,2026-05-01 02:58:00
305,/cart,POST,200,623,2026-05-01 02:59:00
69,/cart,POST,200,1892,2026-05-01 03:00:00
206,/home,POST,500,1232,2026-05-01 03:01:00
460,/search,GET,200,591,2026-05-01 03:02:00
369,/cart,GET,200,940,2026-05-01 03:03:00
430,/search,POST,200,860,2026-05-01 03:04:00
255,/checkout,GET,200,255,2026-05-01 03:05:00
347,/product,POST,200,1851,2026-05-01 03:06:00
448,/product,POST,200,844,2026-05-01 03:07:00
210,/search,POST,200,1122,2026-05-01 03:08:00
343,/product,GET,404,1362,2026-05-01 03:09:00
351,/search,POST,404,229,2026-05-01 03:10:00
219,/product,GET,200,1880,2026-05-01 03:11:00
119,/search,GET,200,212,2026-05-01 03:12:00
63,/cart,POST,200,1676,2026-05-01 03:13:00
1,/product,POST,200,437,2026-05-01 03:14:00
192,/home,POST,200,414,2026-05-01 03:15:00
221,/product,GET,404,1891,2026-05-01 03:16:00
358,/product,GET,200,862,2026-05-01 03:17:00
161,/product,POST,200,1213,2026-05-01 03:18:00
458,/product,GET,200,945,2026-05-01 03:19:00
463,/cart,POST,200,909,2026-05-01 03:20:00
382,/home,GET,200,284,2026-05-01 03:21:00
287,/checkout,POST,200,1996,2026-05-01 03:22:00
469,/search,GET,200,1877,2026-05-01 03:23:00
20,/cart,POST,200,1929,2026-05-01 03:24:00
466,/search,POST,200,990,2026-05-01 03:25:00
23,/home,GET,200,1184,2026-05-01 03:26:00
112,/checkout,POST,200,1861,2026-05-01 03:27:00
283,/search,GET,200,1236,2026-05-01 03:28:00
461,/product,GET,200,1469,2026-05-01 03:29:00
120,/cart,GET,200,410,2026-05-01 03:30:00
137,/cart,GET,200,1410,2026-05-01 03:31:00
258,/cart,GET,200,831,2026-05-01 03:32:00
345,/checkout,GET,200,1793,2026-05-01 03:33:00
17,/product,POST,200,1444,2026-05-01 03:34:00
232,/cart,POST,200,1150,2026-05-01 03:35:00
364,/checkout,POST,200,1492,2026-05-01 03:36:00
119,/cart,GET,200,111,2026-05-01 03:37:00
325,/home,POST,200,810,2026-05-01 03:38:00
402,/cart,GET,404,1792,2026-05-01 03:39:00
302,/checkout,GET,200,1110,2026-05-01 03:40:00
284,/product,POST,200,1991,2026-05-01 03:41:00
23,/home,GET,200,942,2026-05-01 03:42:00
466,/home,POST,200,1838,2026-05-01 03:43:00
88,/home,GET,200,1665,2026-05-01 03:44:00
198,/checkout,POST,200,1540,2026-05-01 03:45:00
418,/checkout,POST,200,462,2026-05-01 03:46:00
241,/checkout,GET,200,1199,2026-05-01 03:47:00
9,/cart,GET,404,1515,2026-05-01 03:48:00
460,/search,GET,200,462,2026-05-01 03:49:00
393,/home,GET,200,1948,2026-05-01 03:50:00
357,/cart,POST,200,656,2026-05-01 03:51:00
292,/cart,GET,200,1551,2026-05-01 03:52:00
67,/home,POST,200,1123,2026-05-01 03:53:00
53,/search,POST,200,447,2026-05-01 03:54:00
301,/search,GET,200,597,2026-05-01 03:55:00
358,/product,POST,200,1307,2026-05-01 03:56:00
456,/checkout,POST,404,810,2026-05-01 03:57:00
106,/cart,GET,200,385,2026-05-01 03:58:00
324,/product,POST,200,1210,2026-05-01 03:59:00
157,/product,POST,200,701,2026-05-01 04:00:00
380,/home,POST,200,1657,2026-05-01 04:01:00
21,/home,POST,200,345,2026-05-01 04:02:00
246,/cart,POST,200,858,2026-05-01 04:03:00
422,/cart,GET,404,1094,2026-05-01 04:04:00
67,/search,GET,200,1499,2026-05-01 04:05:00
58,/checkout,GET,200,995,2026-05-01 04:06:00
268,/home,GET,200,877,2026-05-01 04:07:00
296,/search,POST,500,896,2026-05-01 04:08:00
325,/checkout,GET,200,496,2026-05-01 04:09:00
499,/cart,GET,200,1871,2026-05-01 04:10:00
19,/home,GET,200,1789,2026-05-01 04:11:00
215,/checkout,GET,200,190,2026-05-01 04:12:00
4,/search,POST,200,1460,2026-05-01 04:13:00
289,/home,POST,200,1902,2026-05-01 04:14:00
342,/cart,GET,200,469,2026-05-01 04:15:00
334,/checkout,GET,200,1021,2026-05-01 04:16:00
189,/cart,GET,200,1270,2026-05-01 04:17:00
22,/search,POST,200,398,2026-05-01 04:18:00
80,/checkout,POST,200,590,2026-05-01 04:19:00
403,/product,GET,200,1566,2026-05-01 04:20:00
283,/cart,POST,200,1940,2026-05-01 04:21:00
261,/product,GET,200,714,2026-05-01 04:22:00
385,/checkout,POST,200,778,2026-05-01 04:23:00
485,/home,POST,200,1899,2026-05-01 04:24:00
123,/cart,GET,200,1499,2026-05-01 04:25:00
44,/cart,GET,404,1891,2026-05-01 04:26:00
349,/cart,GET,200,66,2026-05-01 04:27:00
199,/search,POST,200,1671,2026-05-01 04:28:00
488,/home,GET,200,439,2026-05-01 04:29:00
13,/home,GET,404,1684,2026-05-01 04:30:00
471,/cart,GET,200,1153,2026-05-01 04:31:00
46,/product,GET,200,1849,2026-05-01 04:32:00
291,/search,POST,200,1643,2026-05-01 04:33:00
421,/home,GET,200,720,2026-05-01 04:34:00
253,/search,POST,200,1978,2026-05-01 04:35:00
307,/cart,POST,200,1888,2026-05-01 04:36:00
28,/product,POST,200,839,2026-05-01 04:37:00
324,/home,POST,200,1838,2026-05-01 04:38:00
46,/search,GET,200,176,2026-05-01 04:39:00
222,/product,POST,404,840,2026-05-01 04:40:00
398,/search,POST,200,618,2026-05-01 04:41:00
376,/checkout,GET,200,1466,2026-05-01 04:42:00
448,/home,GET,200,1733,2026-05-01 04:43:00
224,/home,POST,200,1042,2026-05-01 04:44:00
19,/search,GET,200,1923,2026-05-01 04:45:00
373,/home,GET,200,1305,2026-05-01 04:46:00
265,/search,POST,200,337,2026-05-01 04:47:00
479,/checkout,GET,500,68,2026-05-01 04:48:00
110,/cart,POST,404,1726,2026-05-01 04:49:00
330,/product,GET,500,875,2026-05-01 04:50:00
466,/cart,GET,200,259,2026-05-01 04:51:00
261,/home,POST,200,282,2026-05-01 04:52:00
165,/search,GET,200,1366,2026-05-01 04:53:00
115,/product,POST,200,335,2026-05-01 04:54:00
43,/product,GET,404,904,2026-05-01 04:55:00
463,/checkout,POST,200,623,2026-05-01 04:56:00
48,/search,POST,200,694,2026-05-01 04:57:00
132,/home,GET,200,1063,2026-05-01 04:58:00
170,/cart,GET,200,1366,2026-05-01 04:59:00
142,/home,POST,200,134,2026-05-01 05:00:00
110,/home,POST,404,1126,2026-05-01 05:01:00
452,/home,GET,200,1780,2026-05-01 05:02:00
36,/cart,POST,200,973,2026-05-01 05:03:00
250,/checkout,GET,200,1722,2026-05-01 05:04:00
362,/cart,POST,500,1747,2026-05-01 05:05:00
395,/checkout,GET,200,913,2026-05-01 05:06:00
262,/product,GET,404,1347,2026-05-01 05:07:00
73,/home,GET,500,775,2026-05-01 05:08:00
257,/search,GET,200,1567,2026-05-01 05:09:00
406,/checkout,GET,200,1856,2026-05-01 05:10:00
323,/cart,POST,200,284,2026-05-01 05:11:00
441,/checkout,GET,200,665,2026-05-01 05:12:00
128,/product,POST,200,1603,2026-05-01 05:13:00
497,/cart,GET,200,1220,2026-05-01 05:14:00
193,/product,POST,404,1750,2026-05-01 05:15:00
182,/cart,POST,200,663,2026-05-01 05:16:00
366,/product,POST,200,576,2026-05-01 05:17:00
217,/checkout,POST,500,1134,2026-05-01 05:18:00
210,/checkout,GET,200,1001,2026-05-01 05:19:00
183,/product,GET,200,598,2026-05-01 05:20:00
263,/product,POST,200,95,2026-05-01 05:21:00
48,/checkout,POST,200,393,2026-05-01 05:22:00
58,/checkout,POST,200,1853,2026-05-01 05:23:00
442,/cart,GET,200,1265,2026-05-01 05:24:00
453,/product,POST,404,1270,2026-05-01 05:25:00
57,/home,POST,200,1486,2026-05-01 05:26:00
13,/checkout,GET,200,511,2026-05-01 05:27:00
293,/checkout,GET,200,135,2026-05-01 05:28:00
432,/search,GET,200,1913,2026-05-01 05:29:00
390,/search,POST,404,1068,2026-05-01 05:30:00
338,/product,POST,200,1356,2026-05-01 05:31:00
358,/checkout,GET,404,430,2026-05-01 05:32:00
474,/cart,POST,404,1219,2026-05-01 05:33:00
479,/product,GET,200,1537,2026-05-01 05:34:00
440,/cart,GET,200,638,2026-05-01 05:35:00
188,/checkout,GET,404,982,2026-05-01 05:36:00
87,/checkout,GET,404,1648,2026-05-01 05:37:00
246,/product,POST,200,762,2026-05-01 05:38:00
194,/checkout,POST,200,527,2026-05-01 05:39:00
250,/home,GET,404,1826,2026-05-01 05:40:00
461,/checkout,GET,200,607,2026-05-01 05:41:00
50,/search,POST,200,947,2026-05-01 05:42:00
410,/cart,POST,200,1746,2026-05-01 05:43:00
493,/search,POST,200,1905,2026-05-01 05:44:00
159,/cart,POST,200,51,2026-05-01 05:45:00
198,/home,POST,200,553,2026-05-01 05:46:00
22,/product,GET,500,1481,2026-05-01 05:47:00
97,/search,GET,200,273,2026-05-01 05:48:00
341,/product,GET,500,1505,2026-05-01 05:49:00
189,/checkout,GET,200,147,2026-05-01 05:50:00
35,/search,POST,200,457,2026-05-01 05:51:00
367,/search,POST,200,1357,2026-05-01 05:52:00
285,/checkout,POST,200,97,2026-05-01 05:53:00
360,/home,GET,200,1214,2026-05-01 05:54:00
146,/search,GET,200,245,2026-05-01 05:55:00
280,/cart,GET,200,639,2026-05-01 05:56:00
362,/home,GET,200,1868,2026-05-01 05:57:00
488,/search,POST,200,1702,2026-05-01 05:58:00
61,/checkout,GET,200,157,2026-05-01 05:59:00
352,/checkout,GET,200,127,2026-05-01 06:00:00
106,/product,GET,200,514,2026-05-01 06:01:00
483,/cart,GET,404,685,2026-05-01 06:02:00
104,/checkout,POST,404,216,2026-05-01 06:03:00
49,/search,GET,404,430,2026-05-01 06:04:00
300,/cart,GET,200,1736,2026-05-01 06:05:00
448,/home,GET,200,472,2026-05-01 06:06:00
490,/checkout,POST,200,1110,2026-05-01 06:07:00
287,/product,GET,200,358,2026-05-01 06:08:00
358,/product,POST,200,609,2026-05-01 06:09:00
306,/cart,POST,200,635,2026-05-01 06:10:00
41,/checkout,GET,200,1840,2026-05-01 06:11:00
148,/home,POST,200,801,2026-05-01 06:12:00
123,/checkout,GET,200,1422,2026-05-01 06:13:00
215,/search,GET,200,1412,2026-05-01 06:14:00
72,/checkout,GET,200,1865,2026-05-01 06:15:00
317,/product,POST,404,1801,2026-05-01 06:16:00
441,/checkout,GET,404,1968,2026-05-01 06:17:00
213,/home,POST,200,442,2026-05-01 06:18:00
239,/search,GET,404,396,2026-05-01 06:19:00
425,/product,POST,200,1741,2026-05-01 06:20:00
287,/search,POST,200,489,2026-05-01 06:21:00
386,/checkout,GET,200,906,2026-05-01 06:22:00
89,/cart,GET,200,1074,2026-05-01 06:23:00
104,/home,POST,200,394,2026-05-01 06:24:00
491,/search,GET,200,1176,2026-05-01 06:25:00
8,/search,GET,200,408,2026-05-01 06:26:00
188,/search,GET,200,870,2026-05-01 06:27:00
444,/checkout,GET,200,163,2026-05-01 06:28:00
174,/home,POST,200,1116,2026-05-01 06:29:00
455,/checkout,POST,200,276,2026-05-01 06:30:00
335,/cart,POST,200,673,2026-05-01 06:31:00
19,/product,GET,200,727,2026-05-01 06:32:00
334,/home,GET,200,1674,2026-05-01 06:33:00
349,/checkout,GET,200,1048,2026-05-01 06:34:00
178,/checkout,GET,200,752,2026-05-01 06:35:00
375,/product,GET,200,1516,2026-05-01 06:36:00
10,/search,POST,200,1219,2026-05-01 06:37:00
245,/checkout,GET,404,959,2026-05-01 06:38:00
172,/product,POST,200,493,2026-05-01 06:39:00
188,/home,POST,404,96,2026-05-01 06:40:00
294,/search,GET,200,1579,2026-05-01 06:41:00
258,/search,GET,200,1714,2026-05-01 06:42:00
16,/home,GET,200,1002,2026-05-01 06:43:00
347,/cart,GET,404,345,2026-05-01 06:44:00
190,/cart,POST,200,1077,2026-05-01 06:45:00
346,/home,POST,500,1147,2026-05-01 06:46:00
317,/checkout,GET,200,124,2026-05-01 06:47:00
250,/home,POST,200,1273,2026-05-01 06:48:00
342,/checkout,GET,404,597,2026-05-01 06:49:00
87,/checkout,GET,200,1183,2026-05-01 06:50:00
173,/home,POST,200,1004,2026-05-01 06:51:00
448,/cart,GET,200,704,2026-05-01 06:52:00
475,/checkout,POST,404,209,2026-05-01 06:53:00
354,/cart,GET,200,1459,2026-05-01 06:54:00
204,/product,POST,200,73,2026-05-01 06:55:00
490,/home,POST,200,746,2026-05-01 06:56:00
469,/home,GET,404,1970,2026-05-01 06:57:00
285,/home,POST,200,1683,2026-05-01 06:58:00
448,/cart,POST,200,1784,2026-05-01 06:59:00
321,/home,POST,200,421,2026-05-01 07:00:00
413,/cart,GET,200,1289,2026-05-01 07:01:00
67,/cart,GET,500,891,2026-05-01 07:02:00
440,/home,GET,200,1102,2026-05-01 07:03:00
96,/cart,GET,200,272,2026-05-01 07:04:00
371,/home,POST,200,309,2026-05-01 07:05:00
299,/home,POST,200,714,2026-05-01 07:06:00
154,/product,POST,200,1235,2026-05-01 07:07:00
103,/product,POST,200,1642,2026-05-01 07:08:00
492,/product,POST,200,613,2026-05-01 07:09:00
301,/home,POST,404,1922,2026-05-01 07:10:00
458,/search,POST,200,805,2026-05-01 07:11:00
454,/checkout,POST,200,997,2026-05-01 07:12:00
223,/cart,POST,200,269,2026-05-01 07:13:00
155,/search,POST,404,380,2026-05-01 07:14:00
182,/product,POST,200,224,2026-05-01 07:15:00
123,/cart,GET,200,1199,2026-05-01 07:16:00
360,/checkout,POST,200,821,2026-05-01 07:17:00
34,/cart,GET,404,759,2026-05-01 07:18:00
376,/cart,GET,200,1693,2026-05-01 07:19:00
43,/cart,POST,200,623,2026-05-01 07:20:00
208,/search,POST,200,650,2026-05-01 07:21:00
205,/search,GET,200,827,2026-05-01 07:22:00
367,/checkout,POST,200,1640,2026-05-01 07:23:00
145,/home,GET,200,825,2026-05-01 07:24:00
8,/search,POST,200,1227,2026-05-01 07:25:00
146,/search,GET,200,378,2026-05-01 07:26:00
159,/home,GET,200,1431,2026-05-01 07:27:00
75,/search,GET,200,1417,2026-05-01 07:28:00
432,/search,GET,200,901,2026-05-01 07:29:00
240,/cart,GET,200,1984,2026-05-01 07:30:00
438,/cart,GET,200,137,2026-05-01 07:31:00
39,/checkout,POST,200,1052,2026-05-01 07:32:00
73,/checkout,POST,200,438,2026-05-01 07:33:00
484,/home,POST,200,508,2026-05-01 07:34:00
395,/home,GET,404,1452,2026-05-01 07:35:00
165,/product,POST,200,569,2026-05-01 07:36:00
330,/home,GET,404,1725,2026-05-01 07:37:00
250,/search,POST,404,1979,2026-05-01 07:38:00
159,/search,POST,200,631,2026-05-01 07:39:00
169,/product,GET,200,353,2026-05-01 07:40:00
164,/product,GET,200,1194,2026-05-01 07:41:00
229,/cart,GET,200,327,2026-05-01 07:42:00
61,/cart,POST,200,1101,2026-05-01 07:43:00
152,/home,POST,200,1698,2026-05-01 07:44:00
35,/product,GET,200,1985,2026-05-01 07:45:00
66,/checkout,GET,200,1661,2026-05-01 07:46:00
176,/product,GET,200,619,2026-05-01 07:47:00
387,/cart,GET,200,1662,2026-05-01 07:48:00
162,/home,POST,500,60,2026-05-01 07:49:00
69,/search,POST,200,897,2026-05-01 07:50:00
440,/checkout,POST,404,156,2026-05-01 07:51:00
100,/home,POST,200,888,2026-05-01 07:52:00
373,/home,POST,200,159,2026-05-01 07:53:00
414,/home,GET,404,903,2026-05-01 07:54:00
185,/home,GET,200,1164,2026-05-01 07:55:00
131,/checkout,GET,200,1513,2026-05-01 07:56:00
117,/cart,POST,200,274,2026-05-01 07:57:00
493,/home,GET,500,220,2026-05-01 07:58:00
311,/cart,POST,200,510,2026-05-01 07:59:00
415,/product,POST,200,1796,2026-05-01 08:00:00
121,/home,GET,500,309,2026-05-01 08:01:00
160,/cart,GET,200,202,2026-05-01 08:02:00
330,/cart,POST,200,438,2026-05-01 08:03:00
119,/product,POST,200,658,2026-05-01 08:04:00
74,/checkout,GET,200,374,2026-05-01 08:05:00
382,/product,POST,200,1991,2026-05-01 08:06:00
309,/cart,GET,200,760,2026-05-01 08:07:00
393,/home,POST,200,206,2026-05-01 08:08:00
162,/product,POST,200,1523,2026-05-01 08:09:00
347,/cart,GET,404,344,2026-05-01 08:10:00
315,/checkout,POST,200,278,2026-05-01 08:11:00
215,/home,POST,200,1601,2026-05-01 08:12:00
241,/product,GET,200,1318,2026-05-01 08:13:00
275,/checkout,POST,404,1284,2026-05-01 08:14:00
229,/cart,GET,200,724,2026-05-01 08:15:00
145,/checkout,POST,200,727,2026-05-01 08:16:00
33,/search,GET,200,1318,2026-05-01 08:17:00
454,/checkout,GET,200,283,2026-05-01 08:18:00
135,/checkout,GET,200,921,2026-05-01 08:19:00
50,/search,POST,200,417,2026-05-01 08:20:00
350,/search,POST,200,273,2026-05-01 08:21:00
72,/search,GET,200,109,2026-05-01 08:22:00
210,/search,POST,200,1885,2026-05-01 08:23:00
209,/checkout,POST,200,1814,2026-05-01 08:24:00
17,/cart,POST,200,154,2026-05-01 08:25:00
272,/home,GET,200,621,2026-05-01 08:26:00
365,/home,POST,200,1759,2026-05-01 08:27:00
35,/cart,POST,200,1391,2026-05-01 08:28:00
47,/cart,GET,200,544,2026-05-01 08:29:00
99,/search,GET,200,1559,2026-05-01 08:30:00
25,/home,GET,200,819,2026-05-01 08:31:00
283,/cart,POST,200,1455,2026-05-01 08:32:00
113,/search,GET,200,657,2026-05-01 08:33:00
466,/cart,POST,200,197,2026-05-01 08:34:00
215,/product,GET,200,1729,2026-05-01 08:35:00
245,/search,GET,200,169,2026-05-01 08:36:00
475,/product,POST,200,1597,2026-05-01 08:37:00
327,/product,POST,200,920,2026-05-01 08:38:00
48,/home,POST,200,1479,2026-05-01 08:39:00
72,/search,GET,200,1570,2026-05-01 08:40:00
21,/checkout,POST,404,162,2026-05-01 08:41:00
345,/product,POST,200,566,2026-05-01 08:42:00
106,/product,POST,404,762,2026-05-01 08:43:00
167,/product,POST,200,1137,2026-05-01 08:44:00
61,/home,POST,200,1912,2026-05-01 08:45:00
197,/search,POST,200,1249,2026-05-01 08:46:00
494,/checkout,GET,200,597,2026-05-01 08:47:00
112,/checkout,GET,200,514,2026-05-01 08:48:00
432,/checkout,POST,200,1128,2026-05-01 08:49:00
278,/product,GET,200,1015,2026-05-01 08:50:00
249,/product,POST,200,770,2026-05-01 08:51:00
294,/checkout,POST,500,1986,2026-05-01 08:52:00
272,/search,POST,200,1497,2026-05-01 08:53:00
121,/home,POST,200,92,2026-05-01 08:54:00
66,/cart,GET,200,912,2026-05-01 08:55:00
181,/home,GET,200,389,2026-05-01 08:56:00
248,/cart,POST,200,258,2026-05-01 08:57:00
462,/checkout,POST,200,777,2026-05-01 08:58:00
316,/cart,POST,200,859,2026-05-01 08:59:00
280,/checkout,GET,200,183,2026-05-01 09:00:00
395,/home,GET,200,1982,2026-05-01 09:01:00
66,/product,GET,200,1241,2026-05-01 09:02:00
193,/home,GET,200,103,2026-05-01 09:03:00
413,/search,POST,200,1415,2026-05-01 09:04:00
306,/checkout,GET,200,61,2026-05-01 09:05:00
338,/home,POST,404,1869,2026-05-01 09:06:00
286,/cart,POST,500,1838,2026-05-01 09:07:00
287,/cart,GET,404,1030,2026-05-01 09:08:00
184,/product,GET,500,1813,2026-05-01 09:09:00
411,/checkout,GET,200,150,2026-05-01 09:10:00
230,/cart,POST,404,1670,2026-05-01 09:11:00
157,/product,POST,200,537,2026-05-01 09:12:00
474,/product,POST,200,123,2026-05-01 09:13:00
180,/product,POST,200,1248,2026-05-01 09:14:00
111,/search,GET,200,1394,2026-05-01 09:15:00
311,/search,GET,200,1001,2026-05-01 09:16:00
294,/home,GET,200,77,2026-05-01 09:17:00
319,/home,GET,200,631,2026-05-01 09:18:00
288,/checkout,POST,200,396,2026-05-01 09:19:00
322,/search,POST,200,456,2026-05-01 09:20:00
395,/search,GET,200,552,2026-05-01 09:21:00
239,/product,GET,200,639,2026-05-01 09:22:00
195,/home,POST,200,1235,2026-05-01 09:23:00
288,/product,GET,200,1209,2026-05-01 09:24:00
385,/search,GET,500,1152,2026-05-01 09:25:00
54,/home,POST,200,1339,2026-05-01 09:26:00
115,/home,GET,200,1198,2026-05-01 09:27:00
342,/search,GET,404,779,2026-05-01 09:28:00
325,/home,GET,200,1574,2026-05-01 09:29:00
4,/cart,POST,200,773,2026-05-01 09:30:00
353,/home,GET,200,1084,2026-05-01 09:31:00
151,/product,POST,200,1513,2026-05-01 09:32:00
237,/cart,POST,200,1291,2026-05-01 09:33:00
272,/search,GET,404,588,2026-05-01 09:34:00
36,/product,POST,200,342,2026-05-01 09:35:00
391,/checkout,GET,200,114,2026-05-01 09:36:00
491,/product,POST,200,1460,2026-05-01 09:37:00
55,/home,POST,500,1142,2026-05-01 09:38:00
323,/home,POST,404,1387,2026-05-01 09:39:00
279,/product,GET,500,1304,2026-05-01 09:40:00
38,/checkout,GET,200,502,2026-05-01 09:41:00
141,/cart,GET,200,754,2026-05-01 09:42:00
53,/search,GET,404,425,2026-05-01 09:43:00
134,/product,POST,200,1030,2026-05-01 09:44:00
281,/product,GET,200,1881,2026-05-01 09:45:00
105,/home,GET,200,219,2026-05-01 09:46:00
214,/home,GET,404,1271,2026-05-01 09:47:00
403,/home,POST,200,875,2026-05-01 09:48:00
327,/product,GET,500,76,2026-05-01 09:49:00
352,/home,GET,200,1387,2026-05-01 09:50:00
404,/cart,GET,200,896,2026-05-01 09:51:00
469,/home,POST,200,1110,2026-05-01 09:52:00
67,/product,GET,200,1558,2026-05-01 09:53:00
443,/checkout,POST,404,1058,2026-05-01 09:54:00
177,/product,GET,200,1726,2026-05-01 09:55:00
438,/search,POST,200,953,2026-05-01 09:56:00
188,/product,GET,200,1940,2026-05-01 09:57:00
261,/checkout,GET,200,1825,2026-05-01 09:58:00
102,/home,POST,200,1527,2026-05-01 09:59:00
104,/checkout,GET,200,1787,2026-05-01 10:00:00
8,/cart,POST,200,1071,2026-05-01 10:01:00
75,/checkout,GET,200,642,2026-05-01 10:02:00
490,/search,GET,200,424,2026-05-01 10:03:00
78,/home,GET,200,337,2026-05-01 10:04:00
234,/home,GET,200,1111,2026-05-01 10:05:00
435,/checkout,GET,200,1053,2026-05-01 10:06:00
181,/product,POST,200,92,2026-05-01 10:07:00
426,/search,POST,500,1784,2026-05-01 10:08:00
377,/cart,POST,200,483,2026-05-01 10:09:00
288,/cart,POST,200,112,2026-05-01 10:10:00
392,/product,POST,200,57,2026-05-01 10:11:00
441,/search,POST,200,474,2026-05-01 10:12:00
132,/cart,GET,200,1232,2026-05-01 10:13:00
66,/home,GET,200,1081,2026-05-01 10:14:00
229,/cart,GET,200,663,2026-05-01 10:15:00
248,/product,GET,200,1909,2026-05-01 10:16:00
328,/product,POST,200,570,2026-05-01 10:17:00
175,/cart,POST,200,292,2026-05-01 10:18:00
45,/checkout,POST,200,969,2026-05-01 10:19:00
262,/search,POST,200,1471,2026-05-01 10:20:00
316,/cart,POST,200,1221,2026-05-01 10:21:00
473,/checkout,GET,200,1677,2026-05-01 10:22:00
494,/checkout,GET,200,1744,2026-05-01 10:23:00
262,/search,GET,200,1898,2026-05-01 10:24:00
325,/product,GET,200,1598,2026-05-01 10:25:00
188,/cart,GET,200,1472,2026-05-01 10:26:00
242,/search,GET,200,1171,2026-05-01 10:27:00
428,/cart,POST,200,1115,2026-05-01 10:28:00
215,/product,POST,200,1959,2026-05-01 10:29:00
229,/checkout,GET,200,438,2026-05-01 10:30:00
62,/home,GET,200,63,2026-05-01 10:31:00
276,/search,GET,200,1375,2026-05-01 10:32:00
180,/search,POST,404,916,2026-05-01 10:33:00
164,/cart,GET,404,1433,2026-05-01 10:34:00
444,/checkout,GET,200,1730,2026-05-01 10:35:00
349,/cart,POST,200,1205,2026-05-01 10:36:00
85,/cart,GET,200,1195,2026-05-01 10:37:00
77,/home,POST,200,1675,2026-05-01 10:38:00
329,/product,GET,404,648,2026-05-01 10:39:00
56,/product,POST,200,702,2026-05-01 10:40:00
363,/checkout,GET,200,1837,2026-05-01 10:41:00
117,/search,POST,404,731,2026-05-01 10:42:00
145,/checkout,GET,200,1259,2026-05-01 10:43:00
319,/checkout,POST,200,1488,2026-05-01 10:44:00
281,/search,GET,200,1598,2026-05-01 10:45:00
203,/home,POST,200,1952,2026-05-01 10:46:00
245,/home,POST,200,436,2026-05-01 10:47:00
202,/checkout,GET,404,910,2026-05-01 10:48:00
110,/checkout,GET,200,331,2026-05-01 10:49:00
376,/checkout,GET,200,1182,2026-05-01 10:50:00
208,/product,POST,200,602,2026-05-01 10:51:00
342,/home,POST,500,951,2026-05-01 10:52:00
1,/cart,GET,200,1374,2026-05-01 10:53:00
153,/checkout,GET,200,592,2026-05-01 10:54:00
57,/search,GET,200,1294,2026-05-01 10:55:00
47,/cart,GET,200,1397,2026-05-01 10:56:00
235,/cart,GET,200,59,2026-05-01 10:57:00
259,/cart,GET,200,649,2026-05-01 10:58:00
358,/home,POST,200,1357,2026-05-01 10:59:00
306,/product,POST,200,1454,2026-05-01 11:00:00
208,/search,GET,200,1181,2026-05-01 11:01:00
118,/checkout,POST,200,1262,2026-05-01 11:02:00
162,/search,POST,200,794,2026-05-01 11:03:00
306,/checkout,POST,200,833,2026-05-01 11:04:00
397,/checkout,POST,200,1243,2026-05-01 11:05:00
19,/search,POST,200,1197,2026-05-01 11:06:00
396,/cart,GET,404,150,2026-05-01 11:07:00
285,/cart,POST,200,1526,2026-05-01 11:08:00
182,/product,GET,200,625,2026-05-01 11:09:00
366,/product,POST,200,1749,2026-05-01 11:10:00
186,/product,GET,200,581,2026-05-01 11:11:00
56,/cart,POST,200,1783,2026-05-01 11:12:00
269,/product,GET,200,1287,2026-05-01 11:13:00
314,/search,GET,200,594,2026-05-01 11:14:00
50,/cart,GET,200,1438,2026-05-01 11:15:00
265,/cart,POST,200,294,2026-05-01 11:16:00
266,/search,GET,200,1227,2026-05-01 11:17:00
432,/search,POST,200,572,2026-05-01 11:18:00
271,/checkout,POST,200,679,2026-05-01 11:19:00
350,/home,GET,200,933,2026-05-01 11:20:00
240,/checkout,POST,200,1638,2026-05-01 11:21:00
219,/cart,POST,200,1156,2026-05-01 11:22:00
181,/product,GET,404,1581,2026-05-01 11:23:00
137,/search,POST,200,1858,2026-05-01 11:24:00
164,/home,POST,200,1187,2026-05-01 11:25:00
414,/checkout,GET,200,1791,2026-05-01 11:26:00
406,/checkout,POST,200,742,2026-05-01 11:27:00
94,/checkout,POST,200,1751,2026-05-01 11:28:00
129,/cart,GET,200,665,2026-05-01 11:29:00
141,/cart,POST,200,679,2026-05-01 11:30:00
274,/cart,POST,200,576,2026-05-01 11:31:00
107,/search,POST,200,107,2026-05-01 11:32:00
481,/search,GET,200,787,2026-05-01 11:33:00
426,/search,POST,200,1967,2026-05-01 11:34:00
186,/home,GET,200,1573,2026-05-01 11:35:00
416,/product,GET,200,705,2026-05-01 11:36:00
420,/cart,GET,200,346,2026-05-01 11:37:00
357,/cart,GET,404,703,2026-05-01 11:38:00
22,/product,POST,500,1231,2026-05-01 11:39:00
391,/search,GET,200,1014,2026-05-01 11:40:00
86,/product,GET,500,948,2026-05-01 11:41:00
155,/checkout,POST,200,1617,2026-05-01 11:42:00
29,/checkout,POST,200,917,2026-05-01 11:43:00
306,/checkout,GET,200,387,2026-05-01 11:44:00
208,/checkout,GET,200,1669,2026-05-01 11:45:00
358,/product,POST,200,1322,2026-05-01 11:46:00
318,/cart,POST,200,868,2026-05-01 11:47:00
128,/search,GET,404,1232,2026-05-01 11:48:00
211,/checkout,GET,200,764,2026-05-01 11:49:00
226,/product,POST,200,268,2026-05-01 11:50:00
433,/home,POST,200,850,2026-05-01 11:51:00
123,/checkout,GET,200,185,2026-05-01 11:52:00
345,/checkout,GET,200,710,2026-05-01 11:53:00
298,/search,GET,200,346,2026-05-01 11:54:00
75,/product,POST,200,478,2026-05-01 11:55:00
291,/search,POST,200,725,2026-05-01 11:56:00
75,/search,POST,200,1584,2026-05-01 11:57:00
346,/cart,GET,200,869,2026-05-01 11:58:00
201,/search,GET,200,670,2026-05-01 11:59:00
186,/checkout,GET,200,522,2026-05-01 12:00:00
319,/search,GET,200,1529,2026-05-01 12:01:00
432,/cart,GET,200,1626,2026-05-01 12:02:00
315,/home,GET,200,166,2026-05-01 12:03:00
43,/product,GET,200,1794,2026-05-01 12:04:00
343,/home,POST,404,411,2026-05-01 12:05:00
442,/checkout,GET,200,53,2026-05-01 12:06:00
229,/product,POST,200,565,2026-05-01 12:07:00
202,/home,GET,200,1538,2026-05-01 12:08:00
411,/search,GET,200,235,2026-05-01 12:09:00
342,/home,POST,200,1012,2026-05-01 12:10:00
403,/product,GET,200,778,2026-05-01 12:11:00
343,/checkout,GET,500,88,2026-05-01 12:12:00
482,/home,POST,200,1322,2026-05-01 12:13:00
124,/checkout,POST,200,1349,2026-05-01 12:14:00
123,/product,GET,200,1332,2026-05-01 12:15:00
382,/cart,POST,200,489,2026-05-01 12:16:00
95,/checkout,GET,200,179,2026-05-01 12:17:00
425,/product,POST,200,1720,2026-05-01 12:18:00
251,/home,POST,200,500,2026-05-01 12:19:00
310,/cart,GET,200,461,2026-05-01 12:20:00
81,/home,POST,200,1029,2026-05-01 12:21:00
307,/search,GET,200,1290,2026-05-01 12:22:00
230,/product,GET,200,1100,2026-05-01 12:23:00
345,/home,POST,500,1643,2026-05-01 12:24:00
450,/home,POST,200,188,2026-05-01 12:25:00
13,/search,GET,200,1361,2026-05-01 12:26:00
186,/checkout,POST,200,926,2026-05-01 12:27:00
425,/home,GET,200,574,2026-05-01 12:28:00
336,/checkout,POST,200,715,2026-05-01 12:29:00
263,/product,POST,200,547,2026-05-01 12:30:00
72,/search,POST,200,1112,2026-05-01 12:31:00
31,/checkout,POST,200,1642,2026-05-01 12:32:00
493,/checkout,POST,200,594,2026-05-01 12:33:00
467,/search,GET,200,829,2026-05-01 12:34:00
347,/product,POST,200,1944,2026-05-01 12:35:00
268,/home,POST,200,1079,2026-05-01 12:36:00
326,/checkout,GET,500,1055,2026-05-01 12:37:00
30,/home,GET,200,1483,2026-05-01 12:38:00
17,/cart,GET,200,1298,2026-05-01 12:39:00
259,/search,POST,200,1220,2026-05-01 12:40:00
324,/product,POST,200,1478,2026-05-01 12:41:00
315,/product,GET,200,1344,2026-05-01 12:42:00
314,/search,POST,200,421,2026-05-01 12:43:00
385,/product,POST,200,655,2026-05-01 12:44:00
71,/home,POST,200,1041,2026-05-01 12:45:00
412,/search,POST,404,1252,2026-05-01 12:46:00
428,/home,POST,200,534,2026-05-01 12:47:00
371,/cart,POST,200,450,2026-05-01 12:48:00
128,/checkout,POST,200,1110,2026-05-01 12:49:00
144,/product,GET,200,1847,2026-05-01 12:50:00
487,/home,POST,200,559,2026-05-01 12:51:00
468,/home,GET,200,1300,2026-05-01 12:52:00
273,/cart,POST,200,795,2026-05-01 12:53:00
64,/search,POST,200,1067,2026-05-01 12:54:00
477,/product,GET,200,1409,2026-05-01 12:55:00
170,/product,GET,404,1608,2026-05-01 12:56:00
450,/checkout,POST,200,274,2026-05-01 12:57:00
371,/product,POST,500,1829,2026-05-01 12:58:00
410,/cart,POST,200,1693,2026-05-01 12:59:00
323,/search,GET,200,1970,2026-05-01 13:00:00
130,/search,GET,200,862,2026-05-01 13:01:00
277,/product,GET,200,296,2026-05-01 13:02:00
471,/home,POST,200,1809,2026-05-01 13:03:00
159,/home,POST,200,701,2026-05-01 13:04:00
276,/home,GET,200,1865,2026-05-01 13:05:00
4,/product,GET,200,349,2026-05-01 13:06:00
217,/home,GET,200,265,2026-05-01 13:07:00
433,/home,GET,200,1253,2026-05-01 13:08:00
132,/checkout,GET,200,1543,2026-05-01 13:09:00
196,/product,POST,200,1766,2026-05-01 13:10:00
403,/cart,POST,500,761,2026-05-01 13:11:00
166,/product,POST,200,1578,2026-05-01 13:12:00
278,/search,GET,200,1248,2026-05-01 13:13:00
353,/product,POST,200,501,2026-05-01 13:14:00
354,/search,GET,200,1064,2026-05-01 13:15:00
372,/search,GET,200,1841,2026-05-01 13:16:00
298,/product,POST,200,1577,2026-05-01 13:17:00
274,/product,GET,200,1646,2026-05-01 13:18:00
424,/product,GET,200,1158,2026-05-01 13:19:00
125,/home,POST,404,315,2026-05-01 13:20:00
312,/cart,POST,404,255,2026-05-01 13:21:00
455,/checkout,GET,404,1121,2026-05-01 13:22:00
268,/checkout,POST,200,1223,2026-05-01 13:23:00
300,/cart,GET,404,77,2026-05-01 13:24:00
400,/search,GET,200,1718,2026-05-01 13:25:00
349,/cart,GET,404,64,2026-05-01 13:26:00
102,/home,POST,200,468,2026-05-01 13:27:00
343,/search,GET,200,1234,2026-05-01 13:28:00
210,/product,POST,200,1996,2026-05-01 13:29:00
263,/product,GET,200,1230,2026-05-01 13:30:00
498,/checkout,POST,200,1951,2026-05-01 13:31:00
96,/cart,POST,404,1311,2026-05-01 13:32:00
243,/search,POST,500,281,2026-05-01 13:33:00
129,/product,POST,200,1176,2026-05-01 13:34:00
496,/cart,POST,200,595,2026-05-01 13:35:00
217,/cart,POST,200,398,2026-05-01 13:36:00
80,/home,POST,200,1440,2026-05-01 13:37:00
277,/search,GET,404,369,2026-05-01 13:38:00
154,/cart,POST,200,210,2026-05-01 13:39:00
483,/cart,POST,200,885,2026-05-01 13:40:00
324,/search,GET,200,78,2026-05-01 13:41:00
344,/search,GET,200,1112,2026-05-01 13:42:00
430,/product,POST,404,953,2026-05-01 13:43:00
285,/cart,POST,200,1251,2026-05-01 13:44:00
108,/cart,GET,200,1412,2026-05-01 13:45:00
386,/product,GET,200,1442,2026-05-01 13:46:00
390,/home,POST,200,1376,2026-05-01 13:47:00
65,/home,POST,500,418,2026-05-01 13:48:00
350,/cart,GET,200,1642,2026-05-01 13:49:00
144,/product,POST,200,1114,2026-05-01 13:50:00
87,/search,POST,200,1402,2026-05-01 13:51:00
178,/cart,GET,200,1822,2026-05-01 13:52:00
498,/search,POST,404,462,2026-05-01 13:53:00
103,/search,GET,404,1621,2026-05-01 13:54:00
123,/checkout,GET,500,1987,2026-05-01 13:55:00
7,/cart,POST,200,50,2026-05-01 13:56:00
281,/search,POST,200,1859,2026-05-01 13:57:00
247,/search,POST,200,439,2026-05-01 13:58:00
124,/search,POST,200,551,2026-05-01 13:59:00
16,/home,POST,200,209,2026-05-01 14:00:00
311,/checkout,GET,200,479,2026-05-01 14:01:00
421,/product,POST,200,225,2026-05-01 14:02:00
93,/checkout,GET,200,1753,2026-05-01 14:03:00
45,/cart,GET,404,800,2026-05-01 14:04:00
374,/search,POST,200,1502,2026-05-01 14:05:00
204,/search,POST,200,1466,2026-05-01 14:06:00
472,/search,POST,200,787,2026-05-01 14:07:00
87,/home,GET,200,1400,2026-05-01 14:08:00
294,/product,GET,200,1162,2026-05-01 14:09:00
63,/checkout,POST,200,1018,2026-05-01 14:10:00
162,/checkout,GET,200,1936,2026-05-01 14:11:00
447,/checkout,GET,200,1445,2026-05-01 14:12:00
421,/search,GET,200,1506,2026-05-01 14:13:00
103,/search,GET,200,1585,2026-05-01 14:14:00
489,/home,POST,200,1173,2026-05-01 14:15:00
11,/search,POST,200,1888,2026-05-01 14:16:00
392,/home,POST,200,1289,2026-05-01 14:17:00
72,/checkout,POST,200,1174,2026-05-01 14:18:00
147,/cart,GET,500,225,2026-05-01 14:19:00
386,/home,POST,200,224,2026-05-01 14:20:00
35,/search,GET,200,1918,2026-05-01 14:21:00
499,/checkout,GET,200,372,2026-05-01 14:22:00
379,/home,GET,200,1090,2026-05-01 14:23:00
25,/checkout,POST,200,1482,2026-05-01 14:24:00
355,/checkout,POST,404,102,2026-05-01 14:25:00
331,/cart,POST,200,532,2026-05-01 14:26:00
214,/checkout,GET,200,890,2026-05-01 14:27:00
71,/product,GET,200,385,2026-05-01 14:28:00
459,/checkout,POST,500,385,2026-05-01 14:29:00
228,/checkout,POST,404,1635,2026-05-01 14:30:00
40,/product,GET,200,1776,2026-05-01 14:31:00
278,/checkout,GET,200,1053,2026-05-01 14:32:00
44,/cart,GET,200,846,2026-05-01 14:33:00
259,/cart,GET,404,881,2026-05-01 14:34:00
394,/home,GET,200,735,2026-05-01 14:35:00
38,/checkout,GET,200,81,2026-05-01 14:36:00
316,/search,GET,200,1934,2026-05-01 14:37:00
234,/product,POST,200,1618,2026-05-01 14:38:00
200,/home,GET,200,851,2026-05-01 14:39:00
119,/search,GET,500,118,2026-05-01 14:40:00
217,/search,POST,200,1611,2026-05-01 14:41:00
189,/product,GET,200,1417,2026-05-01 14:42:00
285,/search,POST,200,1605,2026-05-01 14:43:00
67,/search,GET,200,1106,2026-05-01 14:44:00
447,/checkout,GET,200,1088,2026-05-01 14:45:00
371,/home,GET,200,1956,2026-05-01 14:46:00
101,/cart,POST,200,872,2026-05-01 14:47:00
148,/checkout,GET,200,810,2026-05-01 14:48:00
169,/search,POST,200,1755,2026-05-01 14:49:00
252,/product,POST,404,668,2026-05-01 14:50:00
195,/cart,GET,200,195,2026-05-01 14:51:00
243,/search,GET,200,1505,2026-05-01 14:52:00
447,/search,POST,200,216,2026-05-01 14:53:00
285,/checkout,POST,200,57,2026-05-01 14:54:00
481,/search,GET,200,1920,2026-05-01 14:55:00
312,/product,GET,200,957,2026-05-01 14:56:00
191,/search,POST,200,148,2026-05-01 14:57:00
370,/home,POST,200,62,2026-05-01 14:58:00
233,/search,POST,200,109,2026-05-01 14:59:00
456,/search,POST,404,1026,2026-05-01 15:00:00
129,/checkout,POST,404,714,2026-05-01 15:01:00
410,/home,GET,200,1527,2026-05-01 15:02:00
373,/search,GET,200,1030,2026-05-01 15:03:00
225,/cart,POST,200,339,2026-05-01 15:04:00
179,/product,POST,200,884,2026-05-01 15:05:00
127,/cart,POST,200,1952,2026-05-01 15:06:00
218,/cart,POST,200,876,2026-05-01 15:07:00
67,/search,GET,200,992,2026-05-01 15:08:00
191,/checkout,GET,404,1408,2026-05-01 15:09:00
33,/cart,POST,500,156,2026-05-01 15:10:00
196,/product,POST,200,1816,2026-05-01 15:11:00
70,/checkout,POST,200,885,2026-05-01 15:12:00
201,/cart,GET,200,344,2026-05-01 15:13:00
83,/home,GET,500,1698,2026-05-01 15:14:00
345,/checkout,GET,200,1932,2026-05-01 15:15:00
49,/search,GET,200,723,2026-05-01 15:16:00
102,/home,POST,500,65,2026-05-01 15:17:00
60,/cart,POST,200,1492,2026-05-01 15:18:00
252,/home,GET,200,658,2026-05-01 15:19:00
228,/home,GET,200,1128,2026-05-01 15:20:00
239,/home,GET,200,1146,2026-05-01 15:21:00
440,/product,GET,200,304,2026-05-01 15:22:00
18,/product,GET,404,1402,2026-05-01 15:23:00
38,/cart,POST,200,1506,2026-05-01 15:24:00
223,/cart,GET,200,55,2026-05-01 15:25:00
369,/home,POST,200,1676,2026-05-01 15:26:00
479,/home,GET,200,1849,2026-05-01 15:27:00
196,/cart,POST,404,534,2026-05-01 15:28:00
235,/checkout,POST,200,959,2026-05-01 15:29:00
500,/search,POST,200,1942,2026-05-01 15:30:00
242,/cart,POST,200,1303,2026-05-01 15:31:00
300,/home,POST,200,650,2026-05-01 15:32:00
83,/cart,GET,200,1242,2026-05-01 15:33:00
474,/cart,POST,200,895,2026-05-01 15:34:00
293,/checkout,POST,200,1501,2026-05-01 15:35:00
196,/cart,POST,200,100,2026-05-01 15:36:00
432,/search,GET,200,1563,2026-05-01 15:37:00
296,/product,POST,200,1625,2026-05-01 15:38:00
8,/cart,GET,200,1826,2026-05-01 15:39:00
303,/product,POST,200,1484,2026-05-01 15:40:00
99,/search,POST,200,739,2026-05-01 15:41:00
149,/checkout,GET,200,101,2026-05-01 15:42:00
304,/product,GET,200,621,2026-05-01 15:43:00
251,/cart,POST,200,1343,2026-05-01 15:44:00
131,/cart,GET,200,609,2026-05-01 15:45:00
498,/cart,POST,200,1108,2026-05-01 15:46:00
377,/search,POST,200,1631,2026-05-01 15:47:00
36,/checkout,POST,200,470,2026-05-01 15:48:00
288,/cart,POST,200,1172,2026-05-01 15:49:00
59,/checkout,GET,200,800,2026-05-01 15:50:00
58,/product,POST,200,1679,2026-05-01 15:51:00
69,/checkout,GET,200,1851,2026-05-01 15:52:00
374,/product,GET,200,101,2026-05-01 15:53:00
237,/search,GET,404,1491,2026-05-01 15:54:00
316,/home,GET,500,279,2026-05-01 15:55:00
302,/cart,POST,200,298,2026-05-01 15:56:00
67,/home,POST,200,144,2026-05-01 15:57:00
412,/checkout,POST,200,1410,2026-05-01 15:58:00
51,/home,GET,200,318,2026-05-01 15:59:00
373,/cart,GET,200,1988,2026-05-01 16:00:00
450,/product,POST,200,921,2026-05-01 16:01:00
25,/home,POST,200,185,2026-05-01 16:02:00
385,/cart,POST,200,263,2026-05-01 16:03:00
314,/product,GET,200,939,2026-05-01 16:04:00
163,/search,POST,200,984,2026-05-01 16:05:00
394,/home,POST,200,703,2026-05-01 16:06:00
376,/home,POST,200,1345,2026-05-01 16:07:00
117,/checkout,POST,200,1159,2026-05-01 16:08:00
47,/home,POST,200,1907,2026-05-01 16:09:00
179,/home,GET,200,673,2026-05-01 16:10:00
42,/home,GET,500,1169,2026-05-01 16:11:00
75,/home,GET,404,787,2026-05-01 16:12:00
323,/search,GET,404,1527,2026-05-01 16:13:00
241,/home,GET,200,958,2026-05-01 16:14:00
51,/home,POST,200,206,2026-05-01 16:15:00
186,/product,POST,200,1265,2026-05-01 16:16:00
254,/cart,GET,200,1805,2026-05-01 16:17:00
4,/cart,POST,200,329,2026-05-01 16:18:00
139,/cart,GET,404,358,2026-05-01 16:19:00
154,/search,POST,200,303,2026-05-01 16:20:00
224,/cart,GET,200,279,2026-05-01 16:21:00
208,/product,POST,404,435,2026-05-01 16:22:00
218,/product,POST,200,904,2026-05-01 16:23:00
324,/checkout,GET,200,658,2026-05-01 16:24:00
51,/product,GET,200,995,2026-05-01 16:25:00
144,/product,GET,200,1095,2026-05-01 16:26:00
171,/search,POST,200,1649,2026-05-01 16:27:00
228,/cart,POST,500,1106,2026-05-01 16:28:00
196,/product,POST,200,397,2026-05-01 16:29:00
135,/cart,GET,200,1941,2026-05-01 16:30:00
363,/search,POST,200,1978,2026-05-01 16:31:00
216,/search,POST,200,1946,2026-05-01 16:32:00
290,/checkout,POST,404,1188,2026-05-01 16:33:00
476,/search,GET,200,1094,2026-05-01 16:34:00
256,/product,POST,200,608,2026-05-01 16:35:00
33,/product,POST,404,1322,2026-05-01 16:36:00
35,/product,GET,200,1098,2026-05-01 16:37:00
40,/home,GET,200,88,2026-05-01 16:38:00
302,/checkout,POST,200,1444,2026-05-01 16:39:00
133,/cart,POST,200,1222,2026-05-01 16:40:00
383,/checkout,POST,200,1033,2026-05-01 16:41:00
282,/product,POST,200,1026,2026-05-01 16:42:00
383,/home,POST,200,1916,2026-05-01 16:43:00
67,/product,GET,200,1378,2026-05-01 16:44:00
144,/cart,POST,200,85,2026-05-01 16:45:00
190,/search,GET,200,834,2026-05-01 16:46:00
108,/cart,GET,200,490,2026-05-01 16:47:00
8,/search,GET,200,120,2026-05-01 16:48:00
67,/checkout,POST,200,607,2026-05-01 16:49:00
42,/checkout,GET,200,1721,2026-05-01 16:50:00
231,/product,POST,200,1169,2026-05-01 16:51:00
118,/home,POST,200,1937,2026-05-01 16:52:00
91,/search,GET,200,313,2026-05-01 16:53:00
271,/product,POST,200,1261,2026-05-01 16:54:00
172,/checkout,POST,404,1278,2026-05-01 16:55:00
480,/search,GET,200,811,2026-05-01 16:56:00
206,/home,POST,200,1291,2026-05-01 16:57:00
14,/product,GET,200,258,2026-05-01 16:58:00
303,/checkout,GET,200,833,2026-05-01 16:59:00
500,/product,POST,200,1599,2026-05-01 17:00:00
374,/cart,POST,200,846,2026-05-01 17:01:00
45,/cart,POST,200,1964,2026-05-01 17:02:00
420,/checkout,GET,200,100,2026-05-01 17:03:00
81,/home,GET,200,1265,2026-05-01 17:04:00
500,/product,POST,200,334,2026-05-01 17:05:00
118,/home,POST,200,683,2026-05-01 17:06:00
36,/home,POST,200,1523,2026-05-01 17:07:00
253,/product,POST,200,319,2026-05-01 17:08:00
485,/product,GET,200,1310,2026-05-01 17:09:00
38,/search,POST,200,1338,2026-05-01 17:10:00
144,/search,GET,200,256,2026-05-01 17:11:00
10,/product,GET,404,1503,2026-05-01 17:12:00
144,/checkout,POST,200,1521,2026-05-01 17:13:00
467,/product,GET,200,1607,2026-05-01 17:14:00
389,/cart,GET,200,1098,2026-05-01 17:15:00
45,/product,GET,200,262,2026-05-01 17:16:00
429,/cart,POST,200,796,2026-05-01 17:17:00
254,/cart,GET,404,1263,2026-05-01 17:18:00
371,/search,POST,200,1210,2026-05-01 17:19:00
498,/product,POST,200,902,2026-05-01 17:20:00
455,/search,POST,200,839,2026-05-01 17:21:00
136,/product,POST,200,1935,2026-05-01 17:22:00
430,/home,POST,200,393,2026-05-01 17:23:00
441,/home,GET,200,1521,2026-05-01 17:24:00
476,/search,GET,200,153,2026-05-01 17:25:00
271,/cart,POST,200,478,2026-05-01 17:26:00
190,/product,POST,200,260,2026-05-01 17:27:00
322,/product,GET,404,1184,2026-05-01 17:28:00
333,/home,POST,200,1933,2026-05-01 17:29:00
121,/cart,POST,200,710,2026-05-01 17:30:00
271,/home,GET,200,76,2026-05-01 17:31:00
492,/product,POST,200,1148,2026-05-01 17:32:00
35,/home,POST,404,1594,2026-05-01 17:33:00
164,/home,GET,200,1164,2026-05-01 17:34:00
337,/home,GET,200,1516,2026-05-01 17:35:00
164,/cart,GET,404,765,2026-05-01 17:36:00
451,/home,GET,404,1238,2026-05-01 17:37:00
73,/search,GET,200,768,2026-05-01 17:38:00
235,/cart,GET,200,1543,2026-05-01 17:39:00
407,/home,POST,200,174,2026-05-01 17:40:00
453,/checkout,POST,200,1262,2026-05-01 17:41:00
34,/home,GET,200,448,2026-05-01 17:42:00
41,/checkout,POST,200,1691,2026-05-01 17:43:00
117,/home,POST,200,1379,2026-05-01 17:44:00
441,/search,GET,200,1097,2026-05-01 17:45:00
332,/checkout,POST,200,1819,2026-05-01 17:46:00
356,/home,GET,200,1493,2026-05-01 17:47:00
459,/search,GET,200,1570,2026-05-01 17:48:00
270,/checkout,GET,200,1143,2026-05-01 17:49:00
3,/home,GET,200,1830,2026-05-01 17:50:00
92,/product,GET,200,1409,2026-05-01 17:51:00
400,/home,POST,200,901,2026-05-01 17:52:00
312,/search,GET,200,1994,2026-05-01 17:53:00
327,/cart,POST,200,1827,2026-05-01 17:54:00
323,/home,POST,404,1931,2026-05-01 17:55:00
3,/search,POST,404,62,2026-05-01 17:56:00
440,/search,GET,200,261,2026-05-01 17:57:00
37,/product,GET,200,1309,2026-05-01 17:58:00
74,/product,POST,200,68,2026-05-01 17:59:00
491,/checkout,POST,200,758,2026-05-01 18:00:00
270,/product,GET,200,621,2026-05-01 18:01:00
300,/cart,GET,200,1018,2026-05-01 18:02:00
411,/cart,GET,200,1335,2026-05-01 18:03:00
147,/search,GET,200,494,2026-05-01 18:04:00
337,/search,GET,200,1570,2026-05-01 18:05:00
372,/home,GET,200,1469,2026-05-01 18:06:00
376,/product,GET,200,1076,2026-05-01 18:07:00
56,/search,GET,200,1916,2026-05-01 18:08:00
464,/search,GET,200,241,2026-05-01 18:09:00
121,/search,POST,200,1917,2026-05-01 18:10:00
100,/search,POST,200,848,2026-05-01 18:11:00
291,/product,POST,200,1764,2026-05-01 18:12:00
81,/home,POST,200,923,2026-05-01 18:13:00
161,/product,GET,404,1825,2026-05-01 18:14:00
5,/cart,POST,200,1280,2026-05-01 18:15:00
191,/checkout,GET,200,1018,2026-05-01 18:16:00
157,/checkout,GET,200,1058,2026-05-01 18:17:00
493,/cart,POST,200,387,2026-05-01 18:18:00
471,/product,GET,500,1873,2026-05-01 18:19:00
440,/home,POST,200,1334,2026-05-01 18:20:00
390,/checkout,GET,200,990,2026-05-01 18:21:00
326,/cart,POST,200,1251,2026-05-01 18:22:00
255,/cart,GET,200,1303,2026-05-01 18:23:00
125,/cart,POST,200,1732,2026-05-01 18:24:00
40,/cart,POST,200,730,2026-05-01 18:25:00
328,/checkout,GET,200,1255,2026-05-01 18:26:00
94,/cart,GET,404,135,2026-05-01 18:27:00
358,/search,POST,404,1218,2026-05-01 18:28:00
30,/search,POST,200,211,2026-05-01 18:29:00
141,/checkout,POST,200,373,2026-05-01 18:30:00
277,/cart,GET,200,813,2026-05-01 18:31:00
422,/checkout,GET,200,1032,2026-05-01 18:32:00
335,/cart,POST,200,1009,2026-05-01 18:33:00
66,/product,GET,404,548,2026-05-01 18:34:00
477,/checkout,POST,200,1058,2026-05-01 18:35:00
398,/search,POST,200,829,2026-05-01 18:36:00
71,/cart,POST,200,1295,2026-05-01 18:37:00
175,/cart,POST,200,1417,2026-05-01 18:38:00
227,/search,POST,404,267,2026-05-01 18:39:00
442,/product,POST,404,857,2026-05-01 18:40:00
263,/search,GET,200,954,2026-05-01 18:41:00
2,/home,POST,200,444,2026-05-01 18:42:00
237,/search,GET,200,842,2026-05-01 18:43:00
378,/search,GET,200,300,2026-05-01 18:44:00
130,/home,GET,500,1339,2026-05-01 18:45:00
185,/checkout,GET,200,1227,2026-05-01 18:46:00
59,/checkout,GET,404,595,2026-05-01 18:47:00
77,/cart,GET,200,668,2026-05-01 18:48:00
27,/cart,GET,200,1311,2026-05-01 18:49:00
10,/home,POST,200,1396,2026-05-01 18:50:00
71,/cart,POST,200,1470,2026-05-01 18:51:00
317,/product,POST,200,417,2026-05-01 18:52:00
486,/product,GET,404,1906,2026-05-01 18:53:00
5,/cart,POST,200,427,2026-05-01 18:54:00
79,/checkout,GET,404,1531,2026-05-01 18:55:00
44,/home,POST,200,1189,2026-05-01 18:56:00
260,/search,GET,200,390,2026-05-01 18:57:00
332,/search,POST,200,1697,2026-05-01 18:58:00
143,/checkout,POST,200,310,2026-05-01 18:59:00
123,/home,POST,200,588,2026-05-01 19:00:00
112,/product,POST,200,1059,2026-05-01 19:01:00
43,/home,GET,200,1594,2026-05-01 19:02:00
390,/checkout,POST,404,444,2026-05-01 19:03:00
247,/home,POST,200,1456,2026-05-01 19:04:00
366,/home,GET,200,1399,2026-05-01 19:05:00
463,/cart,POST,200,228,2026-05-01 19:06:00
139,/search,GET,200,52,2026-05-01 19:07:00
138,/home,POST,200,1397,2026-05-01 19:08:00
193,/cart,GET,200,1334,2026-05-01 19:09:00
384,/home,GET,200,832,2026-05-01 19:10:00
100,/product,GET,200,1374,2026-05-01 19:11:00
392,/cart,POST,500,1702,2026-05-01 19:12:00
79,/search,GET,200,1518,2026-05-01 19:13:00
444,/home,GET,200,1612,2026-05-01 19:14:00
414,/home,GET,200,898,2026-05-01 19:15:00
296,/product,POST,200,1128,2026-05-01 19:16:00
5,/search,GET,500,1713,2026-05-01 19:17:00
127,/cart,POST,200,99,2026-05-01 19:18:00
41,/home,GET,200,333,2026-05-01 19:19:00
141,/home,GET,200,198,2026-05-01 19:20:00
217,/checkout,POST,200,1873,2026-05-01 19:21:00
75,/cart,GET,200,222,2026-05-01 19:22:00
64,/product,POST,500,1144,2026-05-01 19:23:00
232,/home,GET,200,1771,2026-05-01 19:24:00
216,/home,GET,200,347,2026-05-01 19:25:00
261,/checkout,POST,200,1553,2026-05-01 19:26:00
285,/product,POST,200,781,2026-05-01 19:27:00
134,/checkout,GET,200,1088,2026-05-01 19:28:00
60,/checkout,GET,200,1400,2026-05-01 19:29:00
345,/product,GET,200,823,2026-05-01 19:30:00
52,/product,POST,200,1928,2026-05-01 19:31:00
406,/cart,GET,200,1550,2026-05-01 19:32:00
478,/product,GET,200,603,2026-05-01 19:33:00
452,/home,GET,200,581,2026-05-01 19:34:00
257,/search,GET,200,1308,2026-05-01 19:35:00
399,/product,POST,200,567,2026-05-01 19:36:00
362,/search,POST,500,1057,2026-05-01 19:37:00
448,/checkout,POST,200,1960,2026-05-01 19:38:00
190,/product,POST,404,940,2026-05-01 19:39:00
480,/home,POST,200,563,2026-05-01 19:40:00
181,/home,GET,500,1709,2026-05-01 19:41:00
380,/checkout,POST,200,1925,2026-05-01 19:42:00
480,/product,GET,200,755,2026-05-01 19:43:00
106,/checkout,POST,200,1741,2026-05-01 19:44:00
191,/home,POST,200,637,2026-05-01 19:45:00
267,/checkout,GET,200,1462,2026-05-01 19:46:00
297,/checkout,GET,200,243,2026-05-01 19:47:00
408,/home,GET,200,1539,2026-05-01 19:48:00
4,/cart,POST,404,1231,2026-05-01 19:49:00
278,/home,POST,404,1487,2026-05-01 19:50:00
464,/home,POST,200,1525,2026-05-01 19:51:00
16,/home,POST,404,1679,2026-05-01 19:52:00
130,/product,GET,500,1882,2026-05-01 19:53:00
404,/cart,GET,200,1210,2026-05-01 19:54:00
436,/cart,GET,404,154,2026-05-01 19:55:00
22,/search,GET,404,1302,2026-05-01 19:56:00
121,/cart,GET,200,473,2026-05-01 19:57:00
384,/product,GET,500,1205,2026-05-01 19:58:00
174,/product,GET,200,1403,2026-05-01 19:59:00
298,/search,POST,200,1477,2026-05-01 20:00:00
433,/checkout,POST,404,1393,2026-05-01 20:01:00
86,/home,POST,200,194,2026-05-01 20:02:00
450,/search,GET,200,229,2026-05-01 20:03:00
318,/product,GET,200,549,2026-05-01 20:04:00
356,/search,POST,200,313,2026-05-01 20:05:00
360,/checkout,POST,200,1201,2026-05-01 20:06:00
145,/cart,POST,404,1899,2026-05-01 20:07:00
136,/checkout,GET,200,1337,2026-05-01 20:08:00
92,/checkout,GET,200,1395,2026-05-01 20:09:00
189,/cart,GET,200,1611,2026-05-01 20:10:00
243,/product,GET,200,132,2026-05-01 20:11:00
13,/home,POST,404,1527,2026-05-01 20:12:00
171,/cart,GET,200,1512,2026-05-01 20:13:00
153,/cart,POST,500,1585,2026-05-01 20:14:00
323,/product,POST,200,840,2026-05-01 20:15:00
211,/home,GET,200,1987,2026-05-01 20:16:00
119,/product,GET,200,1914,2026-05-01 20:17:00
482,/product,GET,200,274,2026-05-01 20:18:00
295,/product,POST,200,274,2026-05-01 20:19:00
209,/search,GET,404,544,2026-05-01 20:20:00
400,/home,GET,200,709,2026-05-01 20:21:00
218,/home,POST,200,1827,2026-05-01 20:22:00
314,/home,POST,200,604,2026-05-01 20:23:00
197,/home,POST,200,728,2026-05-01 20:24:00
144,/product,GET,200,457,2026-05-01 20:25:00
311,/checkout,POST,200,1765,2026-05-01 20:26:00
1,/product,POST,200,1331,2026-05-01 20:27:00
205,/checkout,GET,200,464,2026-05-01 20:28:00
172,/cart,POST,200,1020,2026-05-01 20:29:00
308,/checkout,GET,200,129,2026-05-01 20:30:00
248,/search,GET,200,1297,2026-05-01 20:31:00
68,/checkout,POST,200,1313,2026-05-01 20:32:00
455,/checkout,POST,200,395,2026-05-01 20:33:00
26,/home,GET,200,743,2026-05-01 20:34:00
357,/cart,GET,404,787,2026-05-01 20:35:00
485,/cart,POST,200,999,2026-05-01 20:36:00
111,/home,GET,200,1129,2026-05-01 20:37:00
361,/product,POST,200,1774,2026-05-01 20:38:00
325,/product,POST,500,811,2026-05-01 20:39:00
29,/home,POST,200,861,2026-05-01 20:40:00
443,/cart,POST,404,1894,2026-05-01 20:41:00
302,/search,POST,404,1325,2026-05-01 20:42:00
398,/cart,POST,200,975,2026-05-01 20:43:00
461,/search,GET,404,1705,2026-05-01 20:44:00
231,/cart,POST,200,563,2026-05-01 20:45:00
252,/checkout,GET,200,162,2026-05-01 20:46:00
407,/checkout,POST,200,835,2026-05-01 20:47:00
35,/search,GET,200,1691,2026-05-01 20:48:00
46,/home,GET,200,1830,2026-05-01 20:49:00
421,/search,GET,200,415,2026-05-01 20:50:00
156,/home,GET,200,587,2026-05-01 20:51:00
379,/product,POST,404,970,2026-05-01 20:52:00
498,/checkout,GET,200,1458,2026-05-01 20:53:00
109,/checkout,POST,200,1698,2026-05-01 20:54:00
379,/cart,POST,500,1907,2026-05-01 20:55:00
434,/home,GET,200,1584,2026-05-01 20:56:00
107,/search,POST,200,588,2026-05-01 20:57:00
410,/product,GET,200,532,2026-05-01 20:58:00
239,/cart,POST,404,307,2026-05-01 20:59:00
417,/product,GET,200,409,2026-05-01 21:00:00
96,/checkout,GET,500,893,2026-05-01 21:01:00
222,/cart,GET,200,374,2026-05-01 21:02:00
257,/product,POST,200,1921,2026-05-01 21:03:00
181,/checkout,GET,404,731,2026-05-01 21:04:00
142,/product,GET,200,228,2026-05-01 21:05:00
488,/home,GET,200,1751,2026-05-01 21:06:00
387,/search,POST,200,164,2026-05-01 21:07:00
68,/product,GET,404,695,2026-05-01 21:08:00
264,/home,POST,200,1129,2026-05-01 21:09:00
52,/product,POST,500,332,2026-05-01 21:10:00
157,/home,POST,200,376,2026-05-01 21:11:00
374,/search,POST,200,1161,2026-05-01 21:12:00
90,/cart,GET,200,551,2026-05-01 21:13:00
240,/product,GET,200,1241,2026-05-01 21:14:00
201,/product,GET,200,1382,2026-05-01 21:15:00
181,/cart,GET,200,1833,2026-05-01 21:16:00
141,/product,GET,200,1127,2026-05-01 21:17:00
378,/search,GET,500,1163,2026-05-01 21:18:00
262,/checkout,GET,200,601,2026-05-01 21:19:00
47,/product,POST,200,1483,2026-05-01 21:20:00
267,/product,POST,500,1714,2026-05-01 21:21:00
37,/cart,POST,200,1797,2026-05-01 21:22:00
214,/product,GET,200,371,2026-05-01 21:23:00
355,/product,GET,200,249,2026-05-01 21:24:00
293,/home,POST,200,528,2026-05-01 21:25:00
79,/cart,GET,200,928,2026-05-01 21:26:00
20,/cart,GET,200,1994,2026-05-01 21:27:00
490,/home,POST,200,409,2026-05-01 21:28:00
329,/home,GET,200,1239,2026-05-01 21:29:00
93,/checkout,POST,200,1966,2026-05-01 21:30:00
245,/checkout,POST,200,529,2026-05-01 21:31:00
356,/checkout,GET,200,345,2026-05-01 21:32:00
187,/product,POST,404,1843,2026-05-01 21:33:00
236,/cart,POST,200,1532,2026-05-01 21:34:00
121,/checkout,GET,200,1558,2026-05-01 21:35:00
218,/checkout,POST,200,1878,2026-05-01 21:36:00
135,/search,POST,200,1733,2026-05-01 21:37:00
137,/checkout,POST,200,819,2026-05-01 21:38:00
324,/search,GET,200,873,2026-05-01 21:39:00
289,/cart,POST,200,1885,2026-05-01 21:40:00
246,/search,POST,200,360,2026-05-01 21:41:00
184,/search,POST,200,653,2026-05-01 21:42:00
304,/search,POST,200,1473,2026-05-01 21:43:00
434,/home,POST,200,958,2026-05-01 21:44:00
486,/product,GET,500,696,2026-05-01 21:45:00
401,/product,POST,200,1090,2026-05-01 21:46:00
177,/checkout,GET,200,1603,2026-05-01 21:47:00
125,/home,POST,200,1529,2026-05-01 21:48:00
266,/home,POST,200,1751,2026-05-01 21:49:00
23,/home,GET,404,1446,2026-05-01 21:50:00
333,/cart,POST,200,194,2026-05-01 21:51:00
394,/home,POST,200,377,2026-05-01 21:52:00
187,/cart,POST,404,713,2026-05-01 21:53:00
241,/checkout,POST,200,1654,2026-05-01 21:54:00
481,/checkout,GET,200,1758,2026-05-01 21:55:00
439,/cart,POST,200,1292,2026-05-01 21:56:00
167,/checkout,POST,200,1253,2026-05-01 21:57:00
107,/product,POST,200,84,2026-05-01 21:58:00
310,/cart,GET,200,582,2026-05-01 21:59:00
114,/home,POST,404,357,2026-05-01 22:00:00
36,/product,POST,500,764,2026-05-01 22:01:00
212,/checkout,GET,200,525,2026-05-01 22:02:00
98,/product,GET,200,555,2026-05-01 22:03:00
186,/product,GET,200,1501,2026-05-01 22:04:00
348,/home,GET,200,891,2026-05-01 22:05:00
148,/cart,GET,200,607,2026-05-01 22:06:00
284,/product,GET,200,840,2026-05-01 22:07:00
21,/home,POST,404,1652,2026-05-01 22:08:00
370,/checkout,GET,200,564,2026-05-01 22:09:00
415,/checkout,POST,200,1220,2026-05-01 22:10:00
460,/checkout,GET,200,1860,2026-05-01 22:11:00
378,/product,GET,200,422,2026-05-01 22:12:00
188,/search,GET,200,1955,2026-05-01 22:13:00
239,/checkout,GET,500,1888,2026-05-01 22:14:00
224,/checkout,POST,200,1690,2026-05-01 22:15:00
259,/search,POST,404,1080,2026-05-01 22:16:00
405,/checkout,POST,500,1870,2026-05-01 22:17:00
396,/home,POST,500,1200,2026-05-01 22:18:00
266,/home,POST,200,1113,2026-05-01 22:19:00
316,/home,GET,200,1259,2026-05-01 22:20:00
486,/home,POST,200,51,2026-05-01 22:21:00
408,/search,GET,200,1617,2026-05-01 22:22:00
146,/search,POST,200,1776,2026-05-01 22:23:00
36,/cart,GET,200,725,2026-05-01 22:24:00
33,/search,POST,200,785,2026-05-01 22:25:00
61,/product,POST,200,1851,2026-05-01 22:26:00
452,/home,POST,500,1663,2026-05-01 22:27:00
315,/search,GET,200,1426,2026-05-01 22:28:00
281,/search,POST,200,608,2026-05-01 22:29:00
36,/product,POST,200,1653,2026-05-01 22:30:00
408,/search,POST,404,1794,2026-05-01 22:31:00
221,/checkout,POST,404,1542,2026-05-01 22:32:00
263,/home,GET,200,1039,2026-05-01 22:33:00
215,/product,POST,200,1729,2026-05-01 22:34:00
405,/product,GET,200,367,2026-05-01 22:35:00
113,/search,GET,500,528,2026-05-01 22:36:00
295,/home,POST,200,1771,2026-05-01 22:37:00
105,/home,POST,200,1639,2026-05-01 22:38:00
297,/checkout,GET,200,493,2026-05-01 22:39:00
412,/search,GET,200,618,2026-05-01 22:40:00
5,/checkout,GET,200,998,2026-05-01 22:41:00
364,/checkout,GET,200,1425,2026-05-01 22:42:00
161,/cart,GET,200,964,2026-05-01 22:43:00
466,/home,GET,200,1802,2026-05-01 22:44:00
181,/home,GET,200,1359,2026-05-01 22:45:00
331,/search,GET,200,1642,2026-05-01 22:46:00
75,/search,GET,404,1837,2026-05-01 22:47:00
434,/cart,GET,200,1578,2026-05-01 22:48:00
472,/checkout,POST,200,975,2026-05-01 22:49:00
395,/checkout,POST,200,1226,2026-05-01 22:50:00
379,/home,GET,200,156,2026-05-01 22:51:00
387,/cart,POST,200,1272,2026-05-01 22:52:00
171,/cart,POST,200,410,2026-05-01 22:53:00
200,/search,POST,200,422,2026-05-01 22:54:00
309,/home,POST,200,998,2026-05-01 22:55:00
21,/home,POST,200,1973,2026-05-01 22:56:00
101,/product,GET,200,749,2026-05-01 22:57:00
238,/home,POST,200,867,2026-05-01 22:58:00
467,/search,GET,200,1425,2026-05-01 22:59:00
330,/cart,GET,200,602,2026-05-01 23:00:00
345,/cart,POST,200,637,2026-05-01 23:01:00
371,/home,POST,200,248,2026-05-01 23:02:00
232,/checkout,POST,200,588,2026-05-01 23:03:00
368,/checkout,POST,500,850,2026-05-01 23:04:00
91,/home,POST,200,1921,2026-05-01 23:05:00
486,/cart,POST,404,84,2026-05-01 23:06:00
302,/home,GET,500,1634,2026-05-01 23:07:00
44,/product,POST,500,1003,2026-05-01 23:08:00
399,/cart,GET,200,1368,2026-05-01 23:09:00
357,/cart,GET,200,715,2026-05-01 23:10:00
180,/cart,POST,200,155,2026-05-01 23:11:00
388,/checkout,GET,200,1641,2026-05-01 23:12:00
363,/product,POST,200,1079,2026-05-01 23:13:00
185,/search,GET,200,722,2026-05-01 23:14:00
416,/product,POST,200,571,2026-05-01 23:15:00
101,/cart,POST,200,824,2026-05-01 23:16:00
56,/checkout,GET,200,1887,2026-05-01 23:17:00
153,/product,GET,200,1391,2026-05-01 23:18:00
144,/cart,GET,200,576,2026-05-01 23:19:00
409,/checkout,GET,200,1527,2026-05-01 23:20:00
297,/checkout,GET,200,1541,2026-05-01 23:21:00
209,/checkout,POST,404,552,2026-05-01 23:22:00
382,/search,GET,200,1498,2026-05-01 23:23:00
350,/search,GET,200,572,2026-05-01 23:24:00
299,/product,GET,200,265,2026-05-01 23:25:00
393,/product,POST,200,1377,2026-05-01 23:26:00
449,/cart,GET,404,1005,2026-05-01 23:27:00
457,/checkout,POST,200,971,2026-05-01 23:28:00
470,/search,POST,404,1371,2026-05-01 23:29:00
166,/cart,GET,200,1299,2026-05-01 23:30:00
453,/cart,GET,200,1256,2026-05-01 23:31:00
178,/cart,GET,200,837,2026-05-01 23:32:00
153,/search,POST,200,1055,2026-05-01 23:33:00
36,/cart,POST,404,275,2026-05-01 23:34:00
87,/product,POST,200,805,2026-05-01 23:35:00
250,/cart,POST,404,1254,2026-05-01 23:36:00
175,/home,GET,404,1400,2026-05-01 23:37:00
8,/home,POST,404,1895,2026-05-01 23:38:00
468,/product,GET,200,1347,2026-05-01 23:39:00
288,/cart,GET,500,1653,2026-05-01 23:40:00
199,/product,POST,500,62,2026-05-01 23:41:00
352,/home,GET,200,1522,2026-05-01 23:42:00
485,/cart,GET,200,1051,2026-05-01 23:43:00
436,/cart,GET,404,332,2026-05-01 23:44:00
472,/home,POST,200,1199,2026-05-01 23:45:00
302,/product,POST,200,1304,2026-05-01 23:46:00
106,/cart,POST,200,569,2026-05-01 23:47:00
295,/home,POST,200,552,2026-05-01 23:48:00
484,/home,GET,200,1374,2026-05-01 23:49:00
92,/cart,POST,200,364,2026-05-01 23:50:00
344,/checkout,GET,200,917,2026-05-01 23:51:00
37,/home,GET,200,1948,2026-05-01 23:52:00
262,/home,POST,200,1882,2026-05-01 23:53:00
446,/cart,POST,200,1487,2026-05-01 23:54:00
266,/search,POST,200,325,2026-05-01 23:55:00
434,/home,POST,500,1663,2026-05-01 23:56:00
491,/home,POST,200,657,2026-05-01 23:57:00
222,/search,GET,200,1544,2026-05-01 23:58:00
272,/cart,POST,200,1079,2026-05-01 23:59:00
206,/home,GET,200,527,2026-05-02 00:00:00
98,/checkout,GET,200,1620,2026-05-02 00:01:00
75,/product,GET,200,752,2026-05-02 00:02:00
26,/product,GET,200,1896,2026-05-02 00:03:00
367,/home,GET,200,172,2026-05-02 00:04:00
297,/home,POST,200,1421,2026-05-02 00:05:00
113,/product,POST,200,1413,2026-05-02 00:06:00
14,/product,POST,200,734,2026-05-02 00:07:00
379,/product,POST,404,1214,2026-05-02 00:08:00
372,/cart,GET,200,1578,2026-05-02 00:09:00
188,/checkout,POST,404,1688,2026-05-02 00:10:00
400,/search,POST,404,423,2026-05-02 00:11:00
363,/checkout,POST,200,761,2026-05-02 00:12:00
71,/home,POST,200,1460,2026-05-02 00:13:00
101,/cart,GET,404,1430,2026-05-02 00:14:00
434,/product,GET,404,486,2026-05-02 00:15:00
65,/home,GET,200,217,2026-05-02 00:16:00
216,/search,GET,200,567,2026-05-02 00:17:00
142,/cart,POST,200,592,2026-05-02 00:18:00
72,/search,GET,200,738,2026-05-02 00:19:00
295,/checkout,GET,200,498,2026-05-02 00:20:00
51,/search,GET,200,296,2026-05-02 00:21:00
415,/product,GET,200,237,2026-05-02 00:22:00
487,/search,POST,200,940,2026-05-02 00:23:00
410,/cart,GET,200,1276,2026-05-02 00:24:00
463,/cart,GET,404,1470,2026-05-02 00:25:00
326,/cart,GET,200,1195,2026-05-02 00:26:00
124,/cart,GET,200,1015,2026-05-02 00:27:00
267,/product,GET,200,951,2026-05-02 00:28:00
390,/home,POST,200,960,2026-05-02 00:29:00
298,/search,GET,200,1091,2026-05-02 00:30:00
36,/home,POST,404,408,2026-05-02 00:31:00
60,/product,POST,200,342,2026-05-02 00:32:00
268,/product,GET,200,707,2026-05-02 00:33:00
463,/product,GET,200,326,2026-05-02 00:34:00
103,/product,GET,200,481,2026-05-02 00:35:00
227,/product,POST,200,1035,2026-05-02 00:36:00
296,/search,GET,200,1957,2026-05-02 00:37:00
239,/search,GET,200,632,2026-05-02 00:38:00
417,/cart,GET,200,53,2026-05-02 00:39:00
161,/home,GET,200,766,2026-05-02 00:40:00
305,/product,POST,200,1197,2026-05-02 00:41:00
476,/home,POST,200,452,2026-05-02 00:42:00
94,/cart,GET,200,571,2026-05-02 00:43:00
369,/product,GET,200,1376,2026-05-02 00:44:00
81,/product,GET,200,1696,2026-05-02 00:45:00
297,/product,POST,200,594,2026-05-02 00:46:00
33,/search,GET,200,1860,2026-05-02 00:47:00
394,/search,GET,200,1655,2026-05-02 00:48:00
364,/home,POST,404,919,2026-05-02 00:49:00
32,/cart,GET,200,1914,2026-05-02 00:50:00
480,/home,GET,200,1757,2026-05-02 00:51:00
3,/cart,POST,200,643,2026-05-02 00:52:00
39,/product,POST,200,160,2026-05-02 00:53:00
438,/home,POST,200,1111,2026-05-02 00:54:00
272,/product,GET,200,975,2026-05-02 00:55:00
7,/cart,GET,500,844,2026-05-02 00:56:00
239,/search,GET,200,1813,2026-05-02 00:57:00
158,/checkout,POST,200,552,2026-05-02 00:58:00
17,/search,GET,200,1119,2026-05-02 00:59:00
222,/home,GET,200,1756,2026-05-02 01:00:00
471,/search,GET,200,1817,2026-05-02 01:01:00
192,/cart,GET,200,480,2026-05-02 01:02:00
342,/cart,POST,404,96,2026-05-02 01:03:00
12,/search,GET,200,1831,2026-05-02 01:04:00
373,/cart,GET,200,279,2026-05-02 01:05:00
488,/home,GET,404,275,2026-05-02 01:06:00
328,/checkout,POST,200,881,2026-05-02 01:07:00
230,/cart,GET,200,721,2026-05-02 01:08:00
167,/cart,GET,200,1769,2026-05-02 01:09:00
138,/home,GET,200,378,2026-05-02 01:10:00
472,/search,GET,200,120,2026-05-02 01:11:00
58,/cart,POST,200,1412,2026-05-02 01:12:00
96,/checkout,POST,200,1394,2026-05-02 01:13:00
78,/checkout,POST,200,738,2026-05-02 01:14:00
225,/search,GET,200,359,2026-05-02 01:15:00
427,/home,GET,200,128,2026-05-02 01:16:00
111,/home,GET,200,1692,2026-05-02 01:17:00
332,/search,GET,200,432,2026-05-02 01:18:00
21,/product,GET,404,1468,2026-05-02 01:19:00
108,/product,GET,200,742,2026-05-02 01:20:00
68,/product,GET,200,147,2026-05-02 01:21:00
182,/checkout,GET,200,1489,2026-05-02 01:22:00
428,/checkout,GET,200,677,2026-05-02 01:23:00
18,/cart,POST,404,657,2026-05-02 01:24:00
367,/checkout,GET,200,674,2026-05-02 01:25:00
291,/product,GET,200,80,2026-05-02 01:26:00
203,/search,GET,200,1470,2026-05-02 01:27:00
446,/product,POST,200,1605,2026-05-02 01:28:00
247,/home,POST,200,681,2026-05-02 01:29:00
91,/home,GET,200,113,2026-05-02 01:30:00
155,/cart,GET,200,1111,2026-05-02 01:31:00
384,/search,GET,200,1171,2026-05-02 01:32:00
495,/product,GET,200,1447,2026-05-02 01:33:00
262,/product,GET,200,240,2026-05-02 01:34:00
173,/product,POST,404,961,2026-05-02 01:35:00
228,/checkout,GET,200,1782,2026-05-02 01:36:00
48,/checkout,GET,500,1074,2026-05-02 01:37:00
285,/search,POST,200,1757,2026-05-02 01:38:00
33,/checkout,POST,200,642,2026-05-02 01:39:00
266,/checkout,POST,200,243,2026-05-02 01:40:00
349,/cart,GET,200,1402,2026-05-02 01:41:00
293,/product,POST,200,353,2026-05-02 01:42:00
198,/product,POST,200,270,2026-05-02 01:43:00
212,/search,GET,404,1988,2026-05-02 01:44:00
155,/search,POST,200,1186,2026-05-02 01:45:00
276,/product,GET,200,1153,2026-05-02 01:46:00
165,/home,GET,200,722,2026-05-02 01:47:00
279,/checkout,POST,200,1407,2026-05-02 01:48:00
463,/product,GET,200,1236,2026-05-02 01:49:00
80,/cart,POST,200,1164,2026-05-02 01:50:00
341,/cart,GET,200,584,2026-05-02 01:51:00
75,/product,GET,200,196,2026-05-02 01:52:00
38,/product,POST,200,1397,2026-05-02 01:53:00
103,/cart,GET,200,1030,2026-05-02 01:54:00
64,/checkout,POST,200,1877,2026-05-02 01:55:00
206,/search,POST,200,1224,2026-05-02 01:56:00
102,/product,POST,200,1228,2026-05-02 01:57:00
420,/checkout,POST,200,707,2026-05-02 01:58:00
12,/product,POST,200,91,2026-05-02 01:59:00
301,/product,GET,200,1863,2026-05-02 02:00:00
89,/product,GET,200,1392,2026-05-02 02:01:00
374,/checkout,GET,200,660,2026-05-02 02:02:00
344,/cart,GET,200,152,2026-05-02 02:03:00
188,/home,POST,200,989,2026-05-02 02:04:00
352,/cart,GET,200,273,2026-05-02 02:05:00
72,/product,POST,200,602,2026-05-02 02:06:00
229,/product,POST,200,1151,2026-05-02 02:07:00
236,/checkout,GET,404,990,2026-05-02 02:08:00
285,/search,GET,200,1325,2026-05-02 02:09:00
219,/checkout,GET,200,266,2026-05-02 02:10:00
305,/search,GET,200,1878,2026-05-02 02:11:00
217,/checkout,GET,200,269,2026-05-02 02:12:00
349,/search,POST,500,617,2026-05-02 02:13:00
406,/checkout,POST,200,295,2026-05-02 02:14:00
48,/cart,GET,200,1643,2026-05-02 02:15:00
181,/search,POST,200,1964,2026-05-02 02:16:00
481,/product,GET,200,810,2026-05-02 02:17:00
481,/search,POST,200,1321,2026-05-02 02:18:00
176,/product,GET,200,809,2026-05-02 02:19:00
234,/product,GET,200,1780,2026-05-02 02:20:00
7,/checkout,GET,200,501,2026-05-02 02:21:00
438,/checkout,GET,200,734,2026-05-02 02:22:00
490,/cart,GET,200,1847,2026-05-02 02:23:00
124,/search,GET,200,1120,2026-05-02 02:24:00
294,/home,POST,200,738,2026-05-02 02:25:00
27,/checkout,POST,404,732,2026-05-02 02:26:00
123,/search,POST,200,154,2026-05-02 02:27:00
57,/checkout,POST,500,865,2026-05-02 02:28:00
6,/product,GET,200,1529,2026-05-02 02:29:00
113,/checkout,POST,404,814,2026-05-02 02:30:00
323,/home,GET,200,976,2026-05-02 02:31:00
161,/checkout,POST,200,1710,2026-05-02 02:32:00
450,/search,GET,200,1826,2026-05-02 02:33:00
367,/search,GET,200,1001,2026-05-02 02:34:00
400,/checkout,POST,404,544,2026-05-02 02:35:00
311,/home,POST,200,1697,2026-05-02 02:36:00
340,/checkout,POST,200,901,2026-05-02 02:37:00
86,/home,POST,200,429,2026-05-02 02:38:00
238,/search,GET,200,480,2026-05-02 02:39:00
160,/home,POST,200,1530,2026-05-02 02:40:00
495,/home,POST,200,1395,2026-05-02 02:41:00
97,/home,GET,200,1518,2026-05-02 02:42:00
331,/cart,GET,200,1255,2026-05-02 02:43:00
73,/search,GET,200,1747,2026-05-02 02:44:00
245,/home,POST,404,1455,2026-05-02 02:45:00
28,/checkout,POST,200,1673,2026-05-02 02:46:00
404,/cart,GET,200,403,2026-05-02 02:47:00
422,/product,GET,200,1926,2026-05-02 02:48:00
11,/home,GET,200,1675,2026-05-02 02:49:00
354,/checkout,POST,200,1343,2026-05-02 02:50:00
88,/search,POST,200,428,2026-05-02 02:51:00
395,/search,POST,200,1260,2026-05-02 02:52:00
244,/checkout,POST,200,1155,2026-05-02 02:53:00
154,/cart,GET,200,1926,2026-05-02 02:54:00
399,/home,GET,404,1339,2026-05-02 02:55:00
10,/checkout,GET,200,899,2026-05-02 02:56:00
333,/cart,GET,200,1165,2026-05-02 02:57:00
266,/search,POST,200,1599,2026-05-02 02:58:00
313,/cart,GET,200,1586,2026-05-02 02:59:00
118,/checkout,POST,200,1800,2026-05-02 03:00:00
154,/home,POST,200,1053,2026-05-02 03:01:00
468,/home,POST,200,836,2026-05-02 03:02:00
278,/product,POST,500,1113,2026-05-02 03:03:00
41,/checkout,POST,200,1300,2026-05-02 03:04:00
129,/home,POST,200,1568,2026-05-02 03:05:00
444,/search,GET,200,972,2026-05-02 03:06:00
412,/cart,POST,200,758,2026-05-02 03:07:00
162,/product,GET,200,1765,2026-05-02 03:08:00
20,/checkout,GET,200,1111,2026-05-02 03:09:00
14,/cart,GET,200,1140,2026-05-02 03:10:00
31,/cart,POST,404,1722,2026-05-02 03:11:00
385,/product,GET,200,1673,2026-05-02 03:12:00
375,/search,GET,200,1591,2026-05-02 03:13:00
138,/product,POST,200,1424,2026-05-02 03:14:00
18,/checkout,POST,200,545,2026-05-02 03:15:00
5,/product,GET,200,1168,2026-05-02 03:16:00
149,/home,POST,200,1192,2026-05-02 03:17:00
12,/home,POST,500,956,2026-05-02 03:18:00
451,/checkout,GET,200,691,2026-05-02 03:19:00
76,/checkout,GET,200,985,2026-05-02 03:20:00
277,/search,GET,200,1501,2026-05-02 03:21:00
15,/home,POST,200,1458,2026-05-02 03:22:00
235,/cart,POST,404,1619,2026-05-02 03:23:00
431,/checkout,POST,200,887,2026-05-02 03:24:00
486,/cart,POST,200,1572,2026-05-02 03:25:00
146,/search,POST,500,421,2026-05-02 03:26:00
115,/home,POST,200,89,2026-05-02 03:27:00
131,/home,POST,200,1113,2026-05-02 03:28:00
400,/cart,POST,200,949,2026-05-02 03:29:00
85,/cart,POST,200,1744,2026-05-02 03:30:00
498,/search,GET,200,824,2026-05-02 03:31:00
471,/home,GET,200,319,2026-05-02 03:32:00
328,/search,POST,200,1339,2026-05-02 03:33:00
207,/checkout,POST,500,1016,2026-05-02 03:34:00
206,/cart,GET,200,1281,2026-05-02 03:35:00
397,/checkout,POST,200,752,2026-05-02 03:36:00
283,/product,GET,200,617,2026-05-02 03:37:00
10,/cart,GET,200,1147,2026-05-02 03:38:00
396,/home,GET,200,1280,2026-05-02 03:39:00
482,/search,POST,200,273,2026-05-02 03:40:00
433,/search,GET,200,388,2026-05-02 03:41:00
235,/cart,GET,200,1305,2026-05-02 03:42:00
56,/search,POST,404,418,2026-05-02 03:43:00
258,/search,POST,200,239,2026-05-02 03:44:00
55,/checkout,POST,200,1065,2026-05-02 03:45:00
291,/checkout,GET,200,1531,2026-05-02 03:46:00
107,/search,GET,200,808,2026-05-02 03:47:00
189,/product,GET,200,1769,2026-05-02 03:48:00
27,/cart,GET,200,1454,2026-05-02 03:49:00
92,/product,GET,200,1524,2026-05-02 03:50:00
182,/product,POST,200,591,2026-05-02 03:51:00
323,/search,POST,200,826,2026-05-02 03:52:00
126,/cart,GET,200,1579,2026-05-02 03:53:00
247,/cart,POST,200,743,2026-05-02 03:54:00
265,/product,GET,200,1106,2026-05-02 03:55:00
213,/search,POST,200,913,2026-05-02 03:56:00
477,/home,GET,200,1257,2026-05-02 03:57:00
380,/home,POST,200,1229,2026-05-02 03:58:00
429,/search,POST,200,1645,2026-05-02 03:59:00
341,/search,POST,200,1650,2026-05-02 04:00:00
322,/cart,POST,200,230,2026-05-02 04:01:00
166,/search,GET,200,1724,2026-05-02 04:02:00
238,/checkout,GET,200,1658,2026-05-02 04:03:00
352,/checkout,GET,500,1756,2026-05-02 04:04:00
431,/home,POST,200,433,2026-05-02 04:05:00
187,/search,POST,200,170,2026-05-02 04:06:00
322,/search,GET,200,698,2026-05-02 04:07:00
474,/product,GET,200,1776,2026-05-02 04:08:00
480,/checkout,GET,200,743,2026-05-02 04:09:00
396,/home,POST,404,744,2026-05-02 04:10:00
245,/search,POST,200,1555,2026-05-02 04:11:00
94,/product,GET,200,1574,2026-05-02 04:12:00
23,/home,POST,200,1144,2026-05-02 04:13:00
263,/search,GET,200,171,2026-05-02 04:14:00
325,/cart,POST,404,1900,2026-05-02 04:15:00
26,/search,GET,200,1992,2026-05-02 04:16:00
82,/cart,POST,200,1188,2026-05-02 04:17:00
77,/cart,GET,200,435,2026-05-02 04:18:00
182,/search,GET,500,1926,2026-05-02 04:19:00
493,/search,GET,200,290,2026-05-02 04:20:00
283,/cart,POST,200,1391,2026-05-02 04:21:00
274,/checkout,POST,500,1400,2026-05-02 04:22:00
155,/search,GET,200,1201,2026-05-02 04:23:00
477,/cart,POST,200,1846,2026-05-02 04:24:00
232,/product,POST,200,81,2026-05-02 04:25:00
254,/product,GET,200,1936,2026-05-02 04:26:00
443,/search,GET,200,1456,2026-05-02 04:27:00
309,/product,POST,200,1066,2026-05-02 04:28:00
73,/cart,GET,200,1298,2026-05-02 04:29:00
342,/checkout,POST,200,1935,2026-05-02 04:30:00
431,/home,GET,200,1959,2026-05-02 04:31:00
474,/cart,POST,200,906,2026-05-02 04:32:00
211,/checkout,GET,200,1539,2026-05-02 04:33:00
52,/checkout,POST,200,1601,2026-05-02 04:34:00
103,/checkout,POST,200,506,2026-05-02 04:35:00
213,/cart,POST,500,1496,2026-05-02 04:36:00
160,/home,POST,200,1881,2026-05-02 04:37:00
84,/product,GET,200,1015,2026-05-02 04:38:00
135,/product,GET,200,1936,2026-05-02 04:39:00
230,/home,POST,404,1071,2026-05-02 04:40:00
451,/checkout,POST,200,208,2026-05-02 04:41:00
138,/search,POST,200,1415,2026-05-02 04:42:00
16,/cart,POST,200,384,2026-05-02 04:43:00
62,/cart,POST,200,1187,2026-05-02 04:44:00
415,/checkout,POST,200,1956,2026-05-02 04:45:00
119,/home,POST,200,117,2026-05-02 04:46:00
354,/product,POST,404,1033,2026-05-02 04:47:00
369,/product,POST,200,132,2026-05-02 04:48:00
318,/cart,GET,404,1341,2026-05-02 04:49:00
239,/product,GET,200,154,2026-05-02 04:50:00
125,/product,POST,200,714,2026-05-02 04:51:00
128,/product,POST,200,1043,2026-05-02 04:52:00
17,/home,GET,404,704,2026-05-02 04:53:00
485,/product,GET,200,1119,2026-05-02 04:54:00
319,/checkout,GET,200,1218,2026-05-02 04:55:00
230,/home,POST,200,561,2026-05-02 04:56:00
80,/cart,GET,200,486,2026-05-02 04:57:00
410,/product,POST,500,1316,2026-05-02 04:58:00
27,/checkout,POST,200,1703,2026-05-02 04:59:00
76,/search,GET,200,1149,2026-05-02 05:00:00
1,/cart,POST,404,1779,2026-05-02 05:01:00
430,/product,POST,200,1656,2026-05-02 05:02:00
202,/product,GET,200,1336,2026-05-02 05:03:00
429,/search,POST,200,718,2026-05-02 05:04:00
270,/home,GET,200,1586,2026-05-02 05:05:00
443,/search,GET,200,1354,2026-05-02 05:06:00
153,/product,POST,404,804,2026-05-02 05:07:00
219,/search,GET,404,576,2026-05-02 05:08:00
231,/checkout,POST,200,1562,2026-05-02 05:09:00
359,/checkout,POST,200,1291,2026-05-02 05:10:00
99,/cart,GET,200,717,2026-05-02 05:11:00
87,/home,POST,200,1572,2026-05-02 05:12:00
313,/search,GET,200,1171,2026-05-02 05:13:00
402,/product,POST,200,1164,2026-05-02 05:14:00
3,/checkout,GET,404,885,2026-05-02 05:15:00
481,/cart,GET,200,740,2026-05-02 05:16:00
165,/home,GET,200,1525,2026-05-02 05:17:00
231,/checkout,POST,200,736,2026-05-02 05:18:00
370,/cart,POST,200,1635,2026-05-02 05:19:00
125,/product,POST,200,1334,2026-05-02 05:20:00
408,/cart,GET,200,574,2026-05-02 05:21:00
278,/cart,POST,200,1872,2026-05-02 05:22:00
409,/checkout,GET,200,695,2026-05-02 05:23:00
409,/product,GET,200,327,2026-05-02 05:24:00
257,/search,POST,200,1253,2026-05-02 05:25:00
62,/checkout,GET,200,1390,2026-05-02 05:26:00
199,/product,GET,200,132,2026-05-02 05:27:00
74,/cart,GET,200,1350,2026-05-02 05:28:00
422,/cart,POST,200,625,2026-05-02 05:29:00
455,/product,POST,200,1626,2026-05-02 05:30:00
451,/product,POST,200,1109,2026-05-02 05:31:00
307,/product,GET,200,150,2026-05-02 05:32:00
131,/search,POST,200,237,2026-05-02 05:33:00
457,/checkout,POST,200,502,2026-05-02 05:34:00
249,/cart,GET,200,791,2026-05-02 05:35:00
57,/home,GET,200,173,2026-05-02 05:36:00
469,/home,GET,200,146,2026-05-02 05:37:00
222,/product,GET,200,183,2026-05-02 05:38:00
436,/checkout,POST,200,647,2026-05-02 05:39:00
359,/cart,GET,200,1888,2026-05-02 05:40:00
143,/home,POST,200,1685,2026-05-02 05:41:00
112,/cart,POST,200,551,2026-05-02 05:42:00
456,/product,POST,200,565,2026-05-02 05:43:00
147,/product,POST,500,1307,2026-05-02 05:44:00
134,/search,POST,200,1871,2026-05-02 05:45:00
94,/search,GET,200,1689,2026-05-02 05:46:00
219,/search,POST,200,671,2026-05-02 05:47:00
55,/cart,GET,200,311,2026-05-02 05:48:00
302,/home,POST,200,589,2026-05-02 05:49:00
273,/home,GET,200,1097,2026-05-02 05:50:00
286,/cart,GET,200,599,2026-05-02 05:51:00
336,/product,GET,200,692,2026-05-02 05:52:00
497,/home,POST,200,1823,2026-05-02 05:53:00
13,/cart,POST,200,877,2026-05-02 05:54:00
197,/home,POST,200,829,2026-05-02 05:55:00
454,/search,GET,200,1728,2026-05-02 05:56:00
20,/checkout,POST,200,374,2026-05-02 05:57:00
455,/home,POST,200,370,2026-05-02 05:58:00
47,/home,GET,200,632,2026-05-02 05:59:00
296,/home,GET,200,1258,2026-05-02 06:00:00
242,/home,POST,200,273,2026-05-02 06:01:00
80,/search,POST,200,1503,2026-05-02 06:02:00
440,/product,GET,200,1706,2026-05-02 06:03:00
287,/search,POST,200,286,2026-05-02 06:04:00
404,/search,GET,200,1846,2026-05-02 06:05:00
122,/home,POST,404,371,2026-05-02 06:06:00
410,/checkout,POST,200,1719,2026-05-02 06:07:00
212,/search,POST,200,160,2026-05-02 06:08:00
309,/cart,POST,200,537,2026-05-02 06:09:00
448,/home,GET,200,1298,2026-05-02 06:10:00
390,/search,GET,200,1917,2026-05-02 06:11:00
412,/checkout,POST,200,287,2026-05-02 06:12:00
479,/cart,POST,200,1586,2026-05-02 06:13:00
148,/search,POST,404,407,2026-05-02 06:14:00
414,/search,POST,404,1239,2026-05-02 06:15:00
87,/search,POST,500,800,2026-05-02 06:16:00
200,/cart,POST,200,391,2026-05-02 06:17:00
484,/cart,POST,200,220,2026-05-02 06:18:00
276,/cart,GET,404,1023,2026-05-02 06:19:00
142,/checkout,POST,200,61,2026-05-02 06:20:00
73,/cart,GET,404,1536,2026-05-02 06:21:00
222,/cart,GET,200,1027,2026-05-02 06:22:00
489,/product,POST,404,499,2026-05-02 06:23:00
193,/checkout,GET,200,296,2026-05-02 06:24:00
62,/home,POST,200,733,2026-05-02 06:25:00
32,/cart,POST,200,743,2026-05-02 06:26:00
232,/product,GET,200,102,2026-05-02 06:27:00
101,/search,GET,200,1906,2026-05-02 06:28:00
412,/home,GET,200,1248,2026-05-02 06:29:00
425,/search,POST,200,1442,2026-05-02 06:30:00
134,/cart,POST,200,1591,2026-05-02 06:31:00
388,/cart,GET,200,93,2026-05-02 06:32:00
273,/home,GET,200,1134,2026-05-02 06:33:00
473,/home,POST,200,946,2026-05-02 06:34:00
427,/search,GET,200,1775,2026-05-02 06:35:00
215,/search,GET,200,535,2026-05-02 06:36:00
174,/search,POST,200,1497,2026-05-02 06:37:00
332,/checkout,POST,200,1255,2026-05-02 06:38:00
487,/search,POST,200,74,2026-05-02 06:39:00
442,/search,GET,200,1219,2026-05-02 06:40:00
321,/cart,POST,200,1287,2026-05-02 06:41:00
427,/checkout,GET,200,247,2026-05-02 06:42:00
53,/cart,GET,200,932,2026-05-02 06:43:00
220,/cart,POST,200,1030,2026-05-02 06:44:00
385,/cart,GET,200,1814,2026-05-02 06:45:00
449,/cart,GET,200,1092,2026-05-02 06:46:00
261,/product,POST,500,357,2026-05-02 06:47:00
270,/search,GET,200,1048,2026-05-02 06:48:00
334,/home,POST,200,648,2026-05-02 06:49:00
413,/home,POST,200,537,2026-05-02 06:50:00
256,/checkout,POST,200,231,2026-05-02 06:51:00
110,/cart,GET,200,632,2026-05-02 06:52:00
69,/search,GET,404,739,2026-05-02 06:53:00
232,/cart,POST,200,1890,2026-05-02 06:54:00
153,/checkout,GET,200,440,2026-05-02 06:55:00
16,/cart,GET,200,1038,2026-05-02 06:56:00
487,/cart,GET,200,1864,2026-05-02 06:57:00
227,/checkout,POST,200,341,2026-05-02 06:58:00
411,/search,GET,404,986,2026-05-02 06:59:00
411,/search,POST,200,1743,2026-05-02 07:00:00
332,/search,POST,200,1807,2026-05-02 07:01:00
454,/home,POST,404,1200,2026-05-02 07:02:00
258,/product,POST,200,1505,2026-05-02 07:03:00
1,/checkout,POST,200,274,2026-05-02 07:04:00
215,/cart,POST,200,615,2026-05-02 07:05:00
381,/product,POST,200,1798,2026-05-02 07:06:00
46,/product,GET,200,1475,2026-05-02 07:07:00
100,/cart,GET,200,1219,2026-05-02 07:08:00
333,/home,GET,200,1948,2026-05-02 07:09:00
378,/cart,GET,200,903,2026-05-02 07:10:00
329,/search,POST,200,990,2026-05-02 07:11:00
444,/search,GET,200,401,2026-05-02 07:12:00
125,/checkout,POST,500,136,2026-05-02 07:13:00
164,/checkout,GET,200,1498,2026-05-02 07:14:00
416,/product,POST,200,496,2026-05-02 07:15:00
493,/checkout,POST,200,1984,2026-05-02 07:16:00
148,/checkout,POST,200,745,2026-05-02 07:17:00
423,/product,POST,200,1742,2026-05-02 07:18:00
194,/checkout,POST,200,529,2026-05-02 07:19:00
138,/product,GET,404,332,2026-05-02 07:20:00
438,/home,POST,200,296,2026-05-02 07:21:00
143,/search,POST,200,214,2026-05-02 07:22:00
175,/product,GET,200,1710,2026-05-02 07:23:00
290,/cart,GET,200,1012,2026-05-02 07:24:00
263,/search,GET,200,519,2026-05-02 07:25:00
228,/home,POST,200,1881,2026-05-02 07:26:00
234,/checkout,GET,200,1090,2026-05-02 07:27:00
462,/checkout,POST,200,997,2026-05-02 07:28:00
4,/search,GET,200,672,2026-05-02 07:29:00
133,/search,POST,200,709,2026-05-02 07:30:00
195,/home,GET,200,1244,2026-05-02 07:31:00
276,/product,GET,200,474,2026-05-02 07:32:00
356,/checkout,GET,200,1336,2026-05-02 07:33:00
25,/cart,GET,200,1004,2026-05-02 07:34:00
211,/search,GET,200,1775,2026-05-02 07:35:00
378,/product,GET,200,403,2026-05-02 07:36:00
222,/home,GET,404,1033,2026-05-02 07:37:00
327,/checkout,GET,404,1968,2026-05-02 07:38:00
317,/home,POST,200,752,2026-05-02 07:39:00
39,/search,GET,200,1122,2026-05-02 07:40:00
404,/search,POST,200,370,2026-05-02 07:41:00
58,/search,POST,200,463,2026-05-02 07:42:00
318,/home,GET,200,1845,2026-05-02 07:43:00
139,/product,GET,500,1543,2026-05-02 07:44:00
433,/checkout,POST,200,173,2026-05-02 07:45:00
113,/home,GET,200,563,2026-05-02 07:46:00
212,/product,POST,200,488,2026-05-02 07:47:00
94,/checkout,POST,200,1178,2026-05-02 07:48:00
302,/checkout,POST,200,95,2026-05-02 07:49:00
396,/checkout,POST,500,1899,2026-05-02 07:50:00
382,/home,POST,200,1191,2026-05-02 07:51:00
320,/product,POST,200,1049,2026-05-02 07:52:00
374,/search,POST,200,295,2026-05-02 07:53:00
426,/cart,GET,200,210,2026-05-02 07:54:00
358,/home,GET,200,653,2026-05-02 07:55:00
4,/home,POST,200,440,2026-05-02 07:56:00
394,/search,GET,200,82,2026-05-02 07:57:00
55,/cart,GET,200,1651,2026-05-02 07:58:00
238,/search,POST,200,1749,2026-05-02 07:59:00
449,/cart,POST,200,1011,2026-05-02 08:00:00
103,/checkout,POST,404,99,2026-05-02 08:01:00
32,/product,POST,200,433,2026-05-02 08:02:00
485,/cart,GET,200,134,2026-05-02 08:03:00
436,/home,GET,200,178,2026-05-02 08:04:00
91,/cart,POST,200,720,2026-05-02 08:05:00
229,/cart,POST,200,103,2026-05-02 08:06:00
385,/home,GET,500,954,2026-05-02 08:07:00
56,/search,GET,200,1792,2026-05-02 08:08:00
269,/home,POST,200,447,2026-05-02 08:09:00
491,/search,POST,200,1786,2026-05-02 08:10:00
243,/product,GET,404,316,2026-05-02 08:11:00
16,/product,GET,200,200,2026-05-02 08:12:00
385,/cart,GET,200,527,2026-05-02 08:13:00
51,/checkout,GET,200,1244,2026-05-02 08:14:00
259,/search,GET,200,607,2026-05-02 08:15:00
499,/home,POST,200,383,2026-05-02 08:16:00
48,/cart,GET,200,226,2026-05-02 08:17:00
115,/home,GET,200,1216,2026-05-02 08:18:00
118,/product,GET,200,626,2026-05-02 08:19:00
408,/checkout,GET,200,114,2026-05-02 08:20:00
359,/checkout,POST,200,1510,2026-05-02 08:21:00
254,/home,POST,200,547,2026-05-02 08:22:00
177,/product,GET,200,314,2026-05-02 08:23:00
30,/product,GET,200,1207,2026-05-02 08:24:00
152,/home,POST,200,1107,2026-05-02 08:25:00
99,/product,GET,200,1662,2026-05-02 08:26:00
64,/product,GET,200,1318,2026-05-02 08:27:00
371,/search,GET,200,853,2026-05-02 08:28:00
155,/home,GET,200,226,2026-05-02 08:29:00
175,/home,GET,200,54,2026-05-02 08:30:00
413,/checkout,GET,500,1913,2026-05-02 08:31:00
12,/checkout,POST,200,400,2026-05-02 08:32:00
385,/checkout,POST,200,216,2026-05-02 08:33:00
500,/search,POST,200,931,2026-05-02 08:34:00
385,/home,GET,404,1816,2026-05-02 08:35:00
271,/product,POST,200,1959,2026-05-02 08:36:00
260,/search,GET,200,982,2026-05-02 08:37:00
247,/product,GET,404,854,2026-05-02 08:38:00
205,/checkout,GET,200,169,2026-05-02 08:39:00
465,/search,GET,200,181,2026-05-02 08:40:00
87,/home,GET,200,421,2026-05-02 08:41:00
177,/home,POST,200,1048,2026-05-02 08:42:00
309,/home,POST,200,1216,2026-05-02 08:43:00
160,/home,GET,200,1486,2026-05-02 08:44:00
475,/search,GET,200,1110,2026-05-02 08:45:00
466,/product,GET,200,539,2026-05-02 08:46:00
390,/search,GET,200,1481,2026-05-02 08:47:00
265,/search,GET,200,1860,2026-05-02 08:48:00
18,/product,GET,200,1665,2026-05-02 08:49:00
84,/search,POST,200,761,2026-05-02 08:50:00
399,/product,GET,200,81,2026-05-02 08:51:00
369,/search,POST,200,1649,2026-05-02 08:52:00
122,/home,POST,200,1679,2026-05-02 08:53:00
5,/checkout,GET,200,1997,2026-05-02 08:54:00
384,/cart,POST,200,1345,2026-05-02 08:55:00
20,/product,GET,404,262,2026-05-02 08:56:00
219,/checkout,POST,200,1644,2026-05-02 08:57:00
111,/search,POST,200,1983,2026-05-02 08:58:00
355,/search,GET,200,1253,2026-05-02 08:59:00
160,/checkout,POST,200,1109,2026-05-02 09:00:00
484,/search,POST,200,499,2026-05-02 09:01:00
456,/cart,GET,404,451,2026-05-02 09:02:00
498,/search,GET,200,481,2026-05-02 09:03:00
12,/search,GET,200,63,2026-05-02 09:04:00
20,/cart,GET,200,1853,2026-05-02 09:05:00
168,/checkout,POST,200,167,2026-05-02 09:06:00
47,/product,GET,200,698,2026-05-02 09:07:00
392,/cart,POST,200,823,2026-05-02 09:08:00
292,/product,POST,404,1052,2026-05-02 09:09:00
417,/cart,GET,200,649,2026-05-02 09:10:00
134,/home,GET,200,1918,2026-05-02 09:11:00
81,/search,POST,404,591,2026-05-02 09:12:00
456,/search,POST,200,1747,2026-05-02 09:13:00
31,/home,POST,200,281,2026-05-02 09:14:00
406,/search,POST,500,1710,2026-05-02 09:15:00
369,/cart,POST,200,1408,2026-05-02 09:16:00
359,/product,GET,404,620,2026-05-02 09:17:00
15,/search,POST,200,1936,2026-05-02 09:18:00
353,/checkout,GET,200,1932,2026-05-02 09:19:00
